Unnamed: 0,title,Description,Keywords,desc,EventVector,Department,category,y
0,ICLST 2024-PARTICIPANTS,International Conference on Law,"['international', 'conference', 'law']","international, conference, law","[-3.01423459e-03  2.33226060e-03  1.16385520e-03  4.44693584e-03
  1.94473786e-03 -1.99194206e-03  1.30630878e-03  5.90731995e-03
 -5.38503751e-03 -1.24854303e-03  7.84044329e-04 -4.36741346e-03
 -2.74471939e-04  4.84686205e-03  1.98493595e-03 -2.21658964e-04
  4.94000269e-03  6.13321876e-03 -6.83990819e-03 -5.06806141e-03
  8.81010666e-04 -1.43466017e-03  3.80387157e-03 -5.88383293e-03
  7.01244036e-03 -1.77376904e-03  8.53809237e-04  5.14532300e-03
 -5.28046349e-03  2.24065525e-03  2.64442898e-03 -4.23737057e-03
  5.20642672e-04 -5.17485151e-03 -2.37893546e-03 -2.41568428e-04
  4.85604443e-03  1.15539192e-03  3.66941257e-03  1.20617042e-03
 -2.42449320e-03 -8.80380394e-05 -6.28343597e-03  6.73243485e-04
  2.94456491e-04  4.02846327e-03 -9.59804383e-05  1.78708287e-03
  7.19962467e-04  3.33775324e-03  3.67476692e-04 -2.54430855e-03
 -3.79731972e-03 -1.18484569e-03 -5.16625587e-04 -6.84452069e-04
  3.89356702e-03 -1.51463179e-03 -3.57911852e-03  4.46134806e-03
 -1.93251239e-03 -7.71552659e-05 -1.32316418e-04 -3.74739151e-03
 -1.71845604e-03  5.77650964e-03  4.85291146e-03  1.76381168e-03
 -7.42319215e-04  4.91445931e-03  1.91421399e-03  1.60266273e-03
  2.75175250e-03 -2.56557454e-04  1.44188685e-04  7.40363437e-04
  3.32155894e-03  1.60051437e-04 -1.08116226e-04 -4.13955608e-03
 -3.02036037e-03 -6.03796623e-04  6.73569448e-04  1.36770468e-04
 -1.09364465e-03 -2.00112886e-03  4.83673386e-04 -7.33060762e-03
  2.64352537e-03  7.20129756e-04 -5.87756222e-04  1.43982749e-03
  4.95987153e-03 -3.92159354e-03  4.96731838e-03  4.35581477e-03
  7.77243928e-04 -2.96392408e-03 -1.27834268e-04  1.29379472e-03]",1,research and conference,1
1,ICLST 2024-STUDENTS,International Conference on Law,"['international', 'conference', 'law']","international, conference, law","[-3.01423459e-03  2.33226060e-03  1.16385520e-03  4.44693584e-03
  1.94473786e-03 -1.99194206e-03  1.30630878e-03  5.90731995e-03
 -5.38503751e-03 -1.24854303e-03  7.84044329e-04 -4.36741346e-03
 -2.74471939e-04  4.84686205e-03  1.98493595e-03 -2.21658964e-04
  4.94000269e-03  6.13321876e-03 -6.83990819e-03 -5.06806141e-03
  8.81010666e-04 -1.43466017e-03  3.80387157e-03 -5.88383293e-03
  7.01244036e-03 -1.77376904e-03  8.53809237e-04  5.14532300e-03
 -5.28046349e-03  2.24065525e-03  2.64442898e-03 -4.23737057e-03
  5.20642672e-04 -5.17485151e-03 -2.37893546e-03 -2.41568428e-04
  4.85604443e-03  1.15539192e-03  3.66941257e-03  1.20617042e-03
 -2.42449320e-03 -8.80380394e-05 -6.28343597e-03  6.73243485e-04
  2.94456491e-04  4.02846327e-03 -9.59804383e-05  1.78708287e-03
  7.19962467e-04  3.33775324e-03  3.67476692e-04 -2.54430855e-03
 -3.79731972e-03 -1.18484569e-03 -5.16625587e-04 -6.84452069e-04
  3.89356702e-03 -1.51463179e-03 -3.57911852e-03  4.46134806e-03
 -1.93251239e-03 -7.71552659e-05 -1.32316418e-04 -3.74739151e-03
 -1.71845604e-03  5.77650964e-03  4.85291146e-03  1.76381168e-03
 -7.42319215e-04  4.91445931e-03  1.91421399e-03  1.60266273e-03
  2.75175250e-03 -2.56557454e-04  1.44188685e-04  7.40363437e-04
  3.32155894e-03  1.60051437e-04 -1.08116226e-04 -4.13955608e-03
 -3.02036037e-03 -6.03796623e-04  6.73569448e-04  1.36770468e-04
 -1.09364465e-03 -2.00112886e-03  4.83673386e-04 -7.33060762e-03
  2.64352537e-03  7.20129756e-04 -5.87756222e-04  1.43982749e-03
  4.95987153e-03 -3.92159354e-03  4.96731838e-03  4.35581477e-03
  7.77243928e-04 -2.96392408e-03 -1.27834268e-04  1.29379472e-03]",1,research and conference,1
2,ICLST 2024-INTL. PARTICIPANT,International Conference on Law,"['international', 'conference', 'law']","international, conference, law","[-3.01423459e-03  2.33226060e-03  1.16385520e-03  4.44693584e-03
  1.94473786e-03 -1.99194206e-03  1.30630878e-03  5.90731995e-03
 -5.38503751e-03 -1.24854303e-03  7.84044329e-04 -4.36741346e-03
 -2.74471939e-04  4.84686205e-03  1.98493595e-03 -2.21658964e-04
  4.94000269e-03  6.13321876e-03 -6.83990819e-03 -5.06806141e-03
  8.81010666e-04 -1.43466017e-03  3.80387157e-03 -5.88383293e-03
  7.01244036e-03 -1.77376904e-03  8.53809237e-04  5.14532300e-03
 -5.28046349e-03  2.24065525e-03  2.64442898e-03 -4.23737057e-03
  5.20642672e-04 -5.17485151e-03 -2.37893546e-03 -2.41568428e-04
  4.85604443e-03  1.15539192e-03  3.66941257e-03  1.20617042e-03
 -2.42449320e-03 -8.80380394e-05 -6.28343597e-03  6.73243485e-04
  2.94456491e-04  4.02846327e-03 -9.59804383e-05  1.78708287e-03
  7.19962467e-04  3.33775324e-03  3.67476692e-04 -2.54430855e-03
 -3.79731972e-03 -1.18484569e-03 -5.16625587e-04 -6.84452069e-04
  3.89356702e-03 -1.51463179e-03 -3.57911852e-03  4.46134806e-03
 -1.93251239e-03 -7.71552659e-05 -1.32316418e-04 -3.74739151e-03
 -1.71845604e-03  5.77650964e-03  4.85291146e-03  1.76381168e-03
 -7.42319215e-04  4.91445931e-03  1.91421399e-03  1.60266273e-03
  2.75175250e-03 -2.56557454e-04  1.44188685e-04  7.40363437e-04
  3.32155894e-03  1.60051437e-04 -1.08116226e-04 -4.13955608e-03
 -3.02036037e-03 -6.03796623e-04  6.73569448e-04  1.36770468e-04
 -1.09364465e-03 -2.00112886e-03  4.83673386e-04 -7.33060762e-03
  2.64352537e-03  7.20129756e-04 -5.87756222e-04  1.43982749e-03
  4.95987153e-03 -3.92159354e-03  4.96731838e-03  4.35581477e-03
  7.77243928e-04 -2.96392408e-03 -1.27834268e-04  1.29379472e-03]",1,research and conference,1
3,ICLST 2024-SCHOLARS,International Conference on Law,"['international', 'conference', 'law']","international, conference, law","[-3.01423459e-03  2.33226060e-03  1.16385520e-03  4.44693584e-03
  1.94473786e-03 -1.99194206e-03  1.30630878e-03  5.90731995e-03
 -5.38503751e-03 -1.24854303e-03  7.84044329e-04 -4.36741346e-03
 -2.74471939e-04  4.84686205e-03  1.98493595e-03 -2.21658964e-04
  4.94000269e-03  6.13321876e-03 -6.83990819e-03 -5.06806141e-03
  8.81010666e-04 -1.43466017e-03  3.80387157e-03 -5.88383293e-03
  7.01244036e-03 -1.77376904e-03  8.53809237e-04  5.14532300e-03
 -5.28046349e-03  2.24065525e-03  2.64442898e-03 -4.23737057e-03
  5.20642672e-04 -5.17485151e-03 -2.37893546e-03 -2.41568428e-04
  4.85604443e-03  1.15539192e-03  3.66941257e-03  1.20617042e-03
 -2.42449320e-03 -8.80380394e-05 -6.28343597e-03  6.73243485e-04
  2.94456491e-04  4.02846327e-03 -9.59804383e-05  1.78708287e-03
  7.19962467e-04  3.33775324e-03  3.67476692e-04 -2.54430855e-03
 -3.79731972e-03 -1.18484569e-03 -5.16625587e-04 -6.84452069e-04
  3.89356702e-03 -1.51463179e-03 -3.57911852e-03  4.46134806e-03
 -1.93251239e-03 -7.71552659e-05 -1.32316418e-04 -3.74739151e-03
 -1.71845604e-03  5.77650964e-03  4.85291146e-03  1.76381168e-03
 -7.42319215e-04  4.91445931e-03  1.91421399e-03  1.60266273e-03
  2.75175250e-03 -2.56557454e-04  1.44188685e-04  7.40363437e-04
  3.32155894e-03  1.60051437e-04 -1.08116226e-04 -4.13955608e-03
 -3.02036037e-03 -6.03796623e-04  6.73569448e-04  1.36770468e-04
 -1.09364465e-03 -2.00112886e-03  4.83673386e-04 -7.33060762e-03
  2.64352537e-03  7.20129756e-04 -5.87756222e-04  1.43982749e-03
  4.95987153e-03 -3.92159354e-03  4.96731838e-03  4.35581477e-03
  7.77243928e-04 -2.96392408e-03 -1.27834268e-04  1.29379472e-03]",1,research and conference,1
4,ICLST 2024-ACADEMICIAN,International Conference on Law,"['international', 'conference', 'law']","international, conference, law","[-3.01423459e-03  2.33226060e-03  1.16385520e-03  4.44693584e-03
  1.94473786e-03 -1.99194206e-03  1.30630878e-03  5.90731995e-03
 -5.38503751e-03 -1.24854303e-03  7.84044329e-04 -4.36741346e-03
 -2.74471939e-04  4.84686205e-03  1.98493595e-03 -2.21658964e-04
  4.94000269e-03  6.13321876e-03 -6.83990819e-03 -5.06806141e-03
  8.81010666e-04 -1.43466017e-03  3.80387157e-03 -5.88383293e-03
  7.01244036e-03 -1.77376904e-03  8.53809237e-04  5.14532300e-03
 -5.28046349e-03  2.24065525e-03  2.64442898e-03 -4.23737057e-03
  5.20642672e-04 -5.17485151e-03 -2.37893546e-03 -2.41568428e-04
  4.85604443e-03  1.15539192e-03  3.66941257e-03  1.20617042e-03
 -2.42449320e-03 -8.80380394e-05 -6.28343597e-03  6.73243485e-04
  2.94456491e-04  4.02846327e-03 -9.59804383e-05  1.78708287e-03
  7.19962467e-04  3.33775324e-03  3.67476692e-04 -2.54430855e-03
 -3.79731972e-03 -1.18484569e-03 -5.16625587e-04 -6.84452069e-04
  3.89356702e-03 -1.51463179e-03 -3.57911852e-03  4.46134806e-03
 -1.93251239e-03 -7.71552659e-05 -1.32316418e-04 -3.74739151e-03
 -1.71845604e-03  5.77650964e-03  4.85291146e-03  1.76381168e-03
 -7.42319215e-04  4.91445931e-03  1.91421399e-03  1.60266273e-03
  2.75175250e-03 -2.56557454e-04  1.44188685e-04  7.40363437e-04
  3.32155894e-03  1.60051437e-04 -1.08116226e-04 -4.13955608e-03
 -3.02036037e-03 -6.03796623e-04  6.73569448e-04  1.36770468e-04
 -1.09364465e-03 -2.00112886e-03  4.83673386e-04 -7.33060762e-03
  2.64352537e-03  7.20129756e-04 -5.87756222e-04  1.43982749e-03
  4.95987153e-03 -3.92159354e-03  4.96731838e-03  4.35581477e-03
  7.77243928e-04 -2.96392408e-03 -1.27834268e-04  1.29379472e-03]",1,research and conference,1
5,ICLST 2024-ADVOCATE,International Conference on Law,"['international', 'conference', 'law']","international, conference, law","[-3.01423459e-03  2.33226060e-03  1.16385520e-03  4.44693584e-03
  1.94473786e-03 -1.99194206e-03  1.30630878e-03  5.90731995e-03
 -5.38503751e-03 -1.24854303e-03  7.84044329e-04 -4.36741346e-03
 -2.74471939e-04  4.84686205e-03  1.98493595e-03 -2.21658964e-04
  4.94000269e-03  6.13321876e-03 -6.83990819e-03 -5.06806141e-03
  8.81010666e-04 -1.43466017e-03  3.80387157e-03 -5.88383293e-03
  7.01244036e-03 -1.77376904e-03  8.53809237e-04  5.14532300e-03
 -5.28046349e-03  2.24065525e-03  2.64442898e-03 -4.23737057e-03
  5.20642672e-04 -5.17485151e-03 -2.37893546e-03 -2.41568428e-04
  4.85604443e-03  1.15539192e-03  3.66941257e-03  1.20617042e-03
 -2.42449320e-03 -8.80380394e-05 -6.28343597e-03  6.73243485e-04
  2.94456491e-04  4.02846327e-03 -9.59804383e-05  1.78708287e-03
  7.19962467e-04  3.33775324e-03  3.67476692e-04 -2.54430855e-03
 -3.79731972e-03 -1.18484569e-03 -5.16625587e-04 -6.84452069e-04
  3.89356702e-03 -1.51463179e-03 -3.57911852e-03  4.46134806e-03
 -1.93251239e-03 -7.71552659e-05 -1.32316418e-04 -3.74739151e-03
 -1.71845604e-03  5.77650964e-03  4.85291146e-03  1.76381168e-03
 -7.42319215e-04  4.91445931e-03  1.91421399e-03  1.60266273e-03
  2.75175250e-03 -2.56557454e-04  1.44188685e-04  7.40363437e-04
  3.32155894e-03  1.60051437e-04 -1.08116226e-04 -4.13955608e-03
 -3.02036037e-03 -6.03796623e-04  6.73569448e-04  1.36770468e-04
 -1.09364465e-03 -2.00112886e-03  4.83673386e-04 -7.33060762e-03
  2.64352537e-03  7.20129756e-04 -5.87756222e-04  1.43982749e-03
  4.95987153e-03 -3.92159354e-03  4.96731838e-03  4.35581477e-03
  7.77243928e-04 -2.96392408e-03 -1.27834268e-04  1.29379472e-03]",1,research and conference,1
6,ICLST 2024-INTL. AUTHOR,International Conference on Law,"['international', 'conference', 'law']","international, conference, law","[-3.01423459e-03  2.33226060e-03  1.16385520e-03  4.44693584e-03
  1.94473786e-03 -1.99194206e-03  1.30630878e-03  5.90731995e-03
 -5.38503751e-03 -1.24854303e-03  7.84044329e-04 -4.36741346e-03
 -2.74471939e-04  4.84686205e-03  1.98493595e-03 -2.21658964e-04
  4.94000269e-03  6.13321876e-03 -6.83990819e-03 -5.06806141e-03
  8.81010666e-04 -1.43466017e-03  3.80387157e-03 -5.88383293e-03
  7.01244036e-03 -1.77376904e-03  8.53809237e-04  5.14532300e-03
 -5.28046349e-03  2.24065525e-03  2.64442898e-03 -4.23737057e-03
  5.20642672e-04 -5.17485151e-03 -2.37893546e-03 -2.41568428e-04
  4.85604443e-03  1.15539192e-03  3.66941257e-03  1.20617042e-03
 -2.42449320e-03 -8.80380394e-05 -6.28343597e-03  6.73243485e-04
  2.94456491e-04  4.02846327e-03 -9.59804383e-05  1.78708287e-03
  7.19962467e-04  3.33775324e-03  3.67476692e-04 -2.54430855e-03
 -3.79731972e-03 -1.18484569e-03 -5.16625587e-04 -6.84452069e-04
  3.89356702e-03 -1.51463179e-03 -3.57911852e-03  4.46134806e-03
 -1.93251239e-03 -7.71552659e-05 -1.32316418e-04 -3.74739151e-03
 -1.71845604e-03  5.77650964e-03  4.85291146e-03  1.76381168e-03
 -7.42319215e-04  4.91445931e-03  1.91421399e-03  1.60266273e-03
  2.75175250e-03 -2.56557454e-04  1.44188685e-04  7.40363437e-04
  3.32155894e-03  1.60051437e-04 -1.08116226e-04 -4.13955608e-03
 -3.02036037e-03 -6.03796623e-04  6.73569448e-04  1.36770468e-04
 -1.09364465e-03 -2.00112886e-03  4.83673386e-04 -7.33060762e-03
  2.64352537e-03  7.20129756e-04 -5.87756222e-04  1.43982749e-03
  4.95987153e-03 -3.92159354e-03  4.96731838e-03  4.35581477e-03
  7.77243928e-04 -2.96392408e-03 -1.27834268e-04  1.29379472e-03]",1,research and conference,1
7,NCWE-IN STUDENT,10th National Conference on Wind Engineering in association with Indian Society of Wind Engineering during 15-16th March 2024,"['national', 'conference', 'wind', 'engineering', 'association', 'indian', 'society', 'wind', 'engineering', 'march']","national, conference, wind, engineering, association, indian, society, wind, engineering, march","[-2.2781370e-03  2.7362802e-03 -7.0281891e-04 -3.3801646e-04
 -3.7598881e-04 -2.6016331e-03  8.5653167e-04  3.0578400e-03
 -8.2887348e-04 -3.3816602e-03  2.7070916e-03  6.6801551e-04
 -1.7994143e-03 -2.2236255e-03  6.5599440e-04  1.5678231e-03
  4.2161085e-03 -1.0587387e-03 -5.9219479e-04 -4.0114676e-03
  2.4587978e-03  7.1877803e-05  5.2881753e-03  2.6479005e-03
 -2.4615435e-03  2.3449208e-03 -7.5094629e-04  2.7039794e-03
 -1.3751481e-03  7.8230322e-04  4.0573603e-04  7.5927575e-04
  1.7933843e-03 -3.2010563e-03  1.7964836e-03 -5.0293842e-05
  2.0049033e-03  6.6205702e-04 -3.1774733e-03  2.8909086e-03
  1.8404338e-03 -8.2669312e-06 -1.4923515e-03  2.2586503e-03
  3.1534613e-03 -1.9494554e-03 -1.6401534e-03  4.3182977e-04
  2.1168066e-03  1.1200793e-04  3.7024518e-05  2.4836087e-03
 -4.9873826e-04 -3.1735983e-03 -9.4532809e-04 -2.2685174e-03
 -1.4775209e-03 -2.6062134e-04  1.5497359e-03  9.1687462e-04
  2.7891641e-04 -2.7761329e-05  3.1703182e-03  1.6280410e-03
 -9.0998270e-05  2.4149054e-05  1.5161889e-04  3.4305919e-03
 -7.7310583e-04 -1.6830821e-03  7.0861552e-04  1.4512889e-03
 -1.4766457e-03  1.6875990e-03  1.2314015e-03  1.1652833e-03
  1.6010316e-03  1.9713906e-03  1.3016930e-03 -2.6217033e-03
 -3.0747515e-03  1.4500297e-04  2.7324124e-03  2.2329658e-03
 -2.1478632e-03 -1.7461631e-03  4.9638012e-03  3.6744706e-03
 -8.9205784e-04 -2.7835150e-03  9.3380816e-04  4.1001971e-04
  1.4209164e-03  1.1284944e-03  3.2914418e-03 -3.0686110e-03
  2.2725284e-03 -1.1006849e-03  2.4233157e-04  1.1834027e-03]",3,research and conference,1
8,NCWE-ISWE,10th National Conference on Wind Engineering in association with Indian Society of Wind Engineering during 15-16th March 2024,"['national', 'conference', 'wind', 'engineering', 'association', 'indian', 'society', 'wind', 'engineering', 'march']","national, conference, wind, engineering, association, indian, society, wind, engineering, march","[-2.2781370e-03  2.7362802e-03 -7.0281891e-04 -3.3801646e-04
 -3.7598881e-04 -2.6016331e-03  8.5653167e-04  3.0578400e-03
 -8.2887348e-04 -3.3816602e-03  2.7070916e-03  6.6801551e-04
 -1.7994143e-03 -2.2236255e-03  6.5599440e-04  1.5678231e-03
  4.2161085e-03 -1.0587387e-03 -5.9219479e-04 -4.0114676e-03
  2.4587978e-03  7.1877803e-05  5.2881753e-03  2.6479005e-03
 -2.4615435e-03  2.3449208e-03 -7.5094629e-04  2.7039794e-03
 -1.3751481e-03  7.8230322e-04  4.0573603e-04  7.5927575e-04
  1.7933843e-03 -3.2010563e-03  1.7964836e-03 -5.0293842e-05
  2.0049033e-03  6.6205702e-04 -3.1774733e-03  2.8909086e-03
  1.8404338e-03 -8.2669312e-06 -1.4923515e-03  2.2586503e-03
  3.1534613e-03 -1.9494554e-03 -1.6401534e-03  4.3182977e-04
  2.1168066e-03  1.1200793e-04  3.7024518e-05  2.4836087e-03
 -4.9873826e-04 -3.1735983e-03 -9.4532809e-04 -2.2685174e-03
 -1.4775209e-03 -2.6062134e-04  1.5497359e-03  9.1687462e-04
  2.7891641e-04 -2.7761329e-05  3.1703182e-03  1.6280410e-03
 -9.0998270e-05  2.4149054e-05  1.5161889e-04  3.4305919e-03
 -7.7310583e-04 -1.6830821e-03  7.0861552e-04  1.4512889e-03
 -1.4766457e-03  1.6875990e-03  1.2314015e-03  1.1652833e-03
  1.6010316e-03  1.9713906e-03  1.3016930e-03 -2.6217033e-03
 -3.0747515e-03  1.4500297e-04  2.7324124e-03  2.2329658e-03
 -2.1478632e-03 -1.7461631e-03  4.9638012e-03  3.6744706e-03
 -8.9205784e-04 -2.7835150e-03  9.3380816e-04  4.1001971e-04
  1.4209164e-03  1.1284944e-03  3.2914418e-03 -3.0686110e-03
  2.2725284e-03 -1.1006849e-03  2.4233157e-04  1.1834027e-03]",3,research and conference,1
9,NCWE-INTL. STUDENT,10th National Conference on Wind Engineering in association with Indian Society of Wind Engineering during 15-16th March 2024,"['national', 'conference', 'wind', 'engineering', 'association', 'indian', 'society', 'wind', 'engineering', 'march']","national, conference, wind, engineering, association, indian, society, wind, engineering, march","[-2.2781370e-03  2.7362802e-03 -7.0281891e-04 -3.3801646e-04
 -3.7598881e-04 -2.6016331e-03  8.5653167e-04  3.0578400e-03
 -8.2887348e-04 -3.3816602e-03  2.7070916e-03  6.6801551e-04
 -1.7994143e-03 -2.2236255e-03  6.5599440e-04  1.5678231e-03
  4.2161085e-03 -1.0587387e-03 -5.9219479e-04 -4.0114676e-03
  2.4587978e-03  7.1877803e-05  5.2881753e-03  2.6479005e-03
 -2.4615435e-03  2.3449208e-03 -7.5094629e-04  2.7039794e-03
 -1.3751481e-03  7.8230322e-04  4.0573603e-04  7.5927575e-04
  1.7933843e-03 -3.2010563e-03  1.7964836e-03 -5.0293842e-05
  2.0049033e-03  6.6205702e-04 -3.1774733e-03  2.8909086e-03
  1.8404338e-03 -8.2669312e-06 -1.4923515e-03  2.2586503e-03
  3.1534613e-03 -1.9494554e-03 -1.6401534e-03  4.3182977e-04
  2.1168066e-03  1.1200793e-04  3.7024518e-05  2.4836087e-03
 -4.9873826e-04 -3.1735983e-03 -9.4532809e-04 -2.2685174e-03
 -1.4775209e-03 -2.6062134e-04  1.5497359e-03  9.1687462e-04
  2.7891641e-04 -2.7761329e-05  3.1703182e-03  1.6280410e-03
 -9.0998270e-05  2.4149054e-05  1.5161889e-04  3.4305919e-03
 -7.7310583e-04 -1.6830821e-03  7.0861552e-04  1.4512889e-03
 -1.4766457e-03  1.6875990e-03  1.2314015e-03  1.1652833e-03
  1.6010316e-03  1.9713906e-03  1.3016930e-03 -2.6217033e-03
 -3.0747515e-03  1.4500297e-04  2.7324124e-03  2.2329658e-03
 -2.1478632e-03 -1.7461631e-03  4.9638012e-03  3.6744706e-03
 -8.9205784e-04 -2.7835150e-03  9.3380816e-04  4.1001971e-04
  1.4209164e-03  1.1284944e-03  3.2914418e-03 -3.0686110e-03
  2.2725284e-03 -1.1006849e-03  2.4233157e-04  1.1834027e-03]",3,research and conference,1
10,NCWE-IN ACADEMICIAN,10th National Conference on Wind Engineering in association with Indian Society of Wind Engineering during 15-16th March 2024,"['national', 'conference', 'wind', 'engineering', 'association', 'indian', 'society', 'wind', 'engineering', 'march']","national, conference, wind, engineering, association, indian, society, wind, engineering, march","[-2.2781370e-03  2.7362802e-03 -7.0281891e-04 -3.3801646e-04
 -3.7598881e-04 -2.6016331e-03  8.5653167e-04  3.0578400e-03
 -8.2887348e-04 -3.3816602e-03  2.7070916e-03  6.6801551e-04
 -1.7994143e-03 -2.2236255e-03  6.5599440e-04  1.5678231e-03
  4.2161085e-03 -1.0587387e-03 -5.9219479e-04 -4.0114676e-03
  2.4587978e-03  7.1877803e-05  5.2881753e-03  2.6479005e-03
 -2.4615435e-03  2.3449208e-03 -7.5094629e-04  2.7039794e-03
 -1.3751481e-03  7.8230322e-04  4.0573603e-04  7.5927575e-04
  1.7933843e-03 -3.2010563e-03  1.7964836e-03 -5.0293842e-05
  2.0049033e-03  6.6205702e-04 -3.1774733e-03  2.8909086e-03
  1.8404338e-03 -8.2669312e-06 -1.4923515e-03  2.2586503e-03
  3.1534613e-03 -1.9494554e-03 -1.6401534e-03  4.3182977e-04
  2.1168066e-03  1.1200793e-04  3.7024518e-05  2.4836087e-03
 -4.9873826e-04 -3.1735983e-03 -9.4532809e-04 -2.2685174e-03
 -1.4775209e-03 -2.6062134e-04  1.5497359e-03  9.1687462e-04
  2.7891641e-04 -2.7761329e-05  3.1703182e-03  1.6280410e-03
 -9.0998270e-05  2.4149054e-05  1.5161889e-04  3.4305919e-03
 -7.7310583e-04 -1.6830821e-03  7.0861552e-04  1.4512889e-03
 -1.4766457e-03  1.6875990e-03  1.2314015e-03  1.1652833e-03
  1.6010316e-03  1.9713906e-03  1.3016930e-03 -2.6217033e-03
 -3.0747515e-03  1.4500297e-04  2.7324124e-03  2.2329658e-03
 -2.1478632e-03 -1.7461631e-03  4.9638012e-03  3.6744706e-03
 -8.9205784e-04 -2.7835150e-03  9.3380816e-04  4.1001971e-04
  1.4209164e-03  1.1284944e-03  3.2914418e-03 -3.0686110e-03
  2.2725284e-03 -1.1006849e-03  2.4233157e-04  1.1834027e-03]",3,research and conference,1
11,NCWE-INTL. ACADEMICIAN,10th National Conference on Wind Engineering in association with Indian Society of Wind Engineering during 15-16th March 2024,"['national', 'conference', 'wind', 'engineering', 'association', 'indian', 'society', 'wind', 'engineering', 'march']","national, conference, wind, engineering, association, indian, society, wind, engineering, march","[-2.2781370e-03  2.7362802e-03 -7.0281891e-04 -3.3801646e-04
 -3.7598881e-04 -2.6016331e-03  8.5653167e-04  3.0578400e-03
 -8.2887348e-04 -3.3816602e-03  2.7070916e-03  6.6801551e-04
 -1.7994143e-03 -2.2236255e-03  6.5599440e-04  1.5678231e-03
  4.2161085e-03 -1.0587387e-03 -5.9219479e-04 -4.0114676e-03
  2.4587978e-03  7.1877803e-05  5.2881753e-03  2.6479005e-03
 -2.4615435e-03  2.3449208e-03 -7.5094629e-04  2.7039794e-03
 -1.3751481e-03  7.8230322e-04  4.0573603e-04  7.5927575e-04
  1.7933843e-03 -3.2010563e-03  1.7964836e-03 -5.0293842e-05
  2.0049033e-03  6.6205702e-04 -3.1774733e-03  2.8909086e-03
  1.8404338e-03 -8.2669312e-06 -1.4923515e-03  2.2586503e-03
  3.1534613e-03 -1.9494554e-03 -1.6401534e-03  4.3182977e-04
  2.1168066e-03  1.1200793e-04  3.7024518e-05  2.4836087e-03
 -4.9873826e-04 -3.1735983e-03 -9.4532809e-04 -2.2685174e-03
 -1.4775209e-03 -2.6062134e-04  1.5497359e-03  9.1687462e-04
  2.7891641e-04 -2.7761329e-05  3.1703182e-03  1.6280410e-03
 -9.0998270e-05  2.4149054e-05  1.5161889e-04  3.4305919e-03
 -7.7310583e-04 -1.6830821e-03  7.0861552e-04  1.4512889e-03
 -1.4766457e-03  1.6875990e-03  1.2314015e-03  1.1652833e-03
  1.6010316e-03  1.9713906e-03  1.3016930e-03 -2.6217033e-03
 -3.0747515e-03  1.4500297e-04  2.7324124e-03  2.2329658e-03
 -2.1478632e-03 -1.7461631e-03  4.9638012e-03  3.6744706e-03
 -8.9205784e-04 -2.7835150e-03  9.3380816e-04  4.1001971e-04
  1.4209164e-03  1.1284944e-03  3.2914418e-03 -3.0686110e-03
  2.2725284e-03 -1.1006849e-03  2.4233157e-04  1.1834027e-03]",3,research and conference,1
12,DRAWING COMPETITION,['Drawing Competition on 22-3-2024.\n '],"['drawing', 'competition']","drawing, competition","[-2.0516440e-03 -1.7593952e-03  6.1899610e-04 -4.6238098e-03
  7.3073329e-03 -6.4510163e-03 -2.5472841e-03  6.5839333e-03
  7.9536363e-03 -1.6215467e-04  6.9377595e-05  4.2270259e-03
  3.4211064e-04 -3.4310487e-03 -1.5359626e-03 -1.1520006e-03
 -4.7382326e-03 -3.3670643e-03 -2.1650377e-03 -4.0909508e-05
  3.5023182e-03  1.8437081e-03 -1.1390247e-03 -1.8448390e-03
  5.9870966e-03  4.4660107e-03 -3.5831868e-03  4.9372995e-03
  1.1253194e-03 -2.3297924e-03 -7.1808165e-03 -2.4822052e-03
 -1.6273952e-03  1.2683470e-03 -1.7280001e-03  3.8028869e-03
 -7.4565841e-04 -3.5503434e-03  2.4099369e-05  1.6491869e-03
 -8.9157140e-04 -2.0608981e-03 -1.2897467e-03 -4.3296949e-03
  4.5466186e-03 -8.3359731e-03  4.5541790e-03 -6.5189940e-03
  1.7782594e-03  2.2290323e-03 -6.7292275e-03  2.0723199e-03
 -4.8840456e-03  4.4390266e-03  8.4499083e-03  2.7195679e-03
  4.7246381e-03  1.4771826e-03  1.3296449e-03  2.5655096e-04
 -1.3881060e-03 -6.0957866e-03  2.7535501e-04 -7.5628948e-03
 -2.9756462e-03  4.6267053e-03 -1.2846976e-03 -6.5399818e-03
  4.8488667e-03  4.4260616e-03 -1.4610882e-03 -3.9558583e-03
 -2.7882680e-04  7.5805252e-03 -3.1987985e-03  3.3159724e-03
  2.2186267e-03 -6.7386120e-03 -5.7278154e-03  1.8005490e-03
  3.1284152e-03 -4.6076505e-03 -2.3023093e-03 -4.6902681e-03
 -3.1309258e-03  5.1148064e-03 -3.7217420e-03  2.9720902e-03
  6.7548640e-04 -7.3262630e-04 -3.2639098e-03 -5.9124599e-03
  3.6595012e-03 -4.4214007e-04 -1.4336072e-03 -3.1439031e-03
  3.8160204e-03  2.3207439e-03 -6.1203018e-03 -2.0758824e-03]",6,,6
13,QUICK DRIVE,"Quick Drive - Mastering Visualization Tools Effectively
Date ","['quick', 'drive', 'mastering', 'visualization', 'tools', 'effectively', 'date']","quick, drive, mastering, visualization, tools, effectively, date","[-1.7754979e-04  6.4736297e-03 -6.3997449e-04 -1.6343417e-03
  1.7056026e-03 -2.6876811e-04  1.2494783e-03  1.8544737e-03
  4.8610517e-03  1.8993464e-03 -9.0511667e-04 -3.5989885e-03
 -2.5116515e-04  2.9849079e-03  1.6739435e-03  3.2136312e-03
 -4.2708330e-03  4.2242226e-03  1.7490227e-03 -1.2303252e-03
 -3.2431358e-03  3.5565346e-05 -1.2853136e-03  2.7892187e-03
 -4.7127977e-03  3.0766395e-03  2.6679232e-03 -4.0253201e-03
  1.7116147e-03  6.7417603e-04 -2.9126275e-04 -2.8297785e-03
 -7.1882670e-05  2.2811885e-03 -1.2155302e-03  7.1312570e-05
  3.6203824e-03 -2.6202668e-04  1.9265392e-03  9.6412710e-05
 -1.0689757e-03  1.9620694e-03 -1.0479222e-03 -3.9879153e-03
 -2.7242627e-03  1.8102120e-03  7.7789032e-04  2.6775897e-03
  3.1695210e-03  2.0696244e-03 -1.4523967e-03  1.0441134e-04
  2.5301480e-03 -1.1879371e-03  1.9550680e-03  2.2525894e-03
  1.0821179e-03 -3.0299585e-04  1.8552571e-03 -3.4204919e-03
  1.6826608e-03 -1.2516517e-03 -2.5301639e-03  2.2574321e-04
  1.2574883e-03 -3.8428393e-03  2.2500291e-04 -7.4501550e-05
 -3.0807892e-03  2.4962574e-03  1.9264341e-03 -1.8237747e-03
 -1.1975521e-03 -9.1407500e-04  5.7421549e-04  2.0530529e-03
 -2.1319985e-03  2.0413415e-03  6.6734450e-05  1.8206425e-03
  1.0913463e-03 -1.9284422e-03 -3.1082865e-03 -2.6864925e-04
 -1.5646603e-03 -2.8951613e-03 -1.6996118e-03  1.0542277e-03
  9.7267941e-04  2.9842296e-04  1.4919814e-04  4.1157234e-04
  1.7232627e-03  2.9908700e-03  4.6212166e-03  8.2322571e-04
  2.8881064e-04 -3.2050535e-04  3.9375733e-04 -1.0723977e-03]",0,,2
14,GLOBUS-SOLO,VITSION Film Makers Club is planning to organise a National level Short Film Festival,"['vitsion', 'film', 'makers', 'club', 'planning', 'organise', 'national', 'level', 'short', 'film', 'festival']","vitsion, film, makers, club, planning, organise, national, level, short, film, festival","[ 1.6629286e-03 -2.7677114e-03 -3.6527507e-04 -2.0534783e-03
 -5.8801554e-04 -1.4342350e-03  3.3727003e-04  6.3238735e-04
 -1.9455482e-03 -3.7156113e-03  5.8424694e-04 -1.0295846e-03
  6.2954023e-05  1.9130429e-03  1.7550359e-03 -3.1583824e-03
  4.1428997e-05 -1.0646095e-03  1.8175680e-03 -1.4100221e-03
  2.1936616e-03  6.6778017e-04  1.0551774e-03 -1.9711098e-03
  5.1139208e-04  2.0977162e-04  6.5168459e-04 -1.3369282e-03
 -5.7087670e-04  2.1797598e-03 -2.2045057e-03  4.3347850e-04
  7.7202165e-04 -3.8986458e-03  1.8758479e-03  2.1409905e-03
 -5.4293498e-03 -5.6920358e-04  8.0996571e-05 -1.0270982e-03
 -3.2028183e-05 -3.0026250e-03  2.3500794e-03  9.6648798e-04
  3.5279358e-03 -1.7071273e-03  9.2587623e-05 -2.0969703e-03
  1.6157045e-03  4.6759911e-04  1.6136499e-04  2.9289378e-03
  2.0667796e-03 -1.3444499e-03  3.5845265e-03 -6.8831298e-04
 -2.9821190e-04  2.1485954e-03 -5.7594985e-04 -9.7025273e-04
 -1.3331255e-03 -1.7285232e-03 -1.3380117e-03  3.3277927e-03
 -8.6999306e-04  2.3344299e-03 -1.5557469e-03  1.4008536e-03
 -2.1579100e-03  1.0076053e-03  2.3342159e-03 -1.1615633e-03
  2.3730833e-03  6.5933116e-04  1.2731442e-03  2.2470024e-03
  1.5556010e-03  1.6487320e-03 -6.0050665e-05  2.5977311e-03
 -2.2316866e-03 -3.8224703e-04 -1.4896441e-03  5.8464619e-04
  3.7990436e-03  1.8559351e-03  3.5614909e-03  1.5817494e-03
  3.8678446e-03  2.2334890e-03  1.9855895e-04 -5.8656576e-04
  1.4772102e-03 -5.8877165e-04 -2.1165796e-04  3.7336007e-03
 -8.1002677e-04 -1.3636188e-03  3.8449292e-04 -2.3784789e-03]",0,film making,0
15,GLOBUS-TEAM,VITSION Film Makers Club is planning to organise a National level Short Film Festival,"['vitsion', 'film', 'makers', 'club', 'planning', 'organise', 'national', 'level', 'short', 'film', 'festival']","vitsion, film, makers, club, planning, organise, national, level, short, film, festival","[ 1.6629286e-03 -2.7677114e-03 -3.6527507e-04 -2.0534783e-03
 -5.8801554e-04 -1.4342350e-03  3.3727003e-04  6.3238735e-04
 -1.9455482e-03 -3.7156113e-03  5.8424694e-04 -1.0295846e-03
  6.2954023e-05  1.9130429e-03  1.7550359e-03 -3.1583824e-03
  4.1428997e-05 -1.0646095e-03  1.8175680e-03 -1.4100221e-03
  2.1936616e-03  6.6778017e-04  1.0551774e-03 -1.9711098e-03
  5.1139208e-04  2.0977162e-04  6.5168459e-04 -1.3369282e-03
 -5.7087670e-04  2.1797598e-03 -2.2045057e-03  4.3347850e-04
  7.7202165e-04 -3.8986458e-03  1.8758479e-03  2.1409905e-03
 -5.4293498e-03 -5.6920358e-04  8.0996571e-05 -1.0270982e-03
 -3.2028183e-05 -3.0026250e-03  2.3500794e-03  9.6648798e-04
  3.5279358e-03 -1.7071273e-03  9.2587623e-05 -2.0969703e-03
  1.6157045e-03  4.6759911e-04  1.6136499e-04  2.9289378e-03
  2.0667796e-03 -1.3444499e-03  3.5845265e-03 -6.8831298e-04
 -2.9821190e-04  2.1485954e-03 -5.7594985e-04 -9.7025273e-04
 -1.3331255e-03 -1.7285232e-03 -1.3380117e-03  3.3277927e-03
 -8.6999306e-04  2.3344299e-03 -1.5557469e-03  1.4008536e-03
 -2.1579100e-03  1.0076053e-03  2.3342159e-03 -1.1615633e-03
  2.3730833e-03  6.5933116e-04  1.2731442e-03  2.2470024e-03
  1.5556010e-03  1.6487320e-03 -6.0050665e-05  2.5977311e-03
 -2.2316866e-03 -3.8224703e-04 -1.4896441e-03  5.8464619e-04
  3.7990436e-03  1.8559351e-03  3.5614909e-03  1.5817494e-03
  3.8678446e-03  2.2334890e-03  1.9855895e-04 -5.8656576e-04
  1.4772102e-03 -5.8877165e-04 -2.1165796e-04  3.7336007e-03
 -8.1002677e-04 -1.3636188e-03  3.8449292e-04 -2.3784789e-03]",0,film making,0
16,AI-SUSTAINABLE DEVELOPMENT, Revolutionizing AI Exploring Generative Artificial Intelligence for Sustainable Development,"['revolutionizing', 'ai', 'exploring', 'generative', 'artificial', 'intelligence', 'sustainable', 'development']","revolutionizing, ai, exploring, generative, artificial, intelligence, sustainable, development","[-9.9753519e-04 -7.9623138e-04  1.3008341e-03  2.0130256e-03
  1.6519088e-04 -8.6095580e-04  4.2109545e-03  3.5376204e-03
  1.6874936e-03 -3.8114125e-03 -2.2173265e-03 -2.8604469e-03
 -3.4622485e-03 -2.8049906e-03  4.4153207e-03 -1.1125309e-03
 -2.5693034e-03 -1.2699733e-03 -1.9560042e-03  1.9521888e-03
  8.5533946e-04 -1.4086005e-03 -1.2963370e-03 -5.4841954e-04
 -1.8413548e-03 -2.3158034e-03 -3.0574154e-03 -2.9862141e-03
 -4.0216523e-04 -4.0952191e-03 -1.9408676e-03 -8.3175505e-04
  9.6056983e-04 -1.1644515e-03  6.4973877e-04 -1.4451829e-03
  9.4370550e-04  5.0308695e-04 -9.6162350e-04  2.4037233e-03
  3.3820135e-04 -7.6002500e-04  1.3537231e-03 -6.4993580e-04
  1.9369591e-03  1.0229741e-03 -3.5316302e-03  6.4350560e-04
  1.8626521e-03  1.0670478e-03  1.4292938e-03 -2.9406934e-03
  2.2589145e-03 -6.6355721e-04 -9.1019954e-04  2.8532487e-04
 -3.8415386e-04 -1.7209239e-03 -2.4340760e-03  3.5444689e-03
  2.0587101e-04  1.7523804e-03 -1.7105375e-03 -2.2602875e-03
  1.0546320e-03 -2.0055466e-03 -9.8655664e-04  2.9310612e-03
 -1.6107259e-03 -2.3164551e-03 -1.0283130e-03  1.0909569e-03
  3.2773204e-03 -4.1977582e-03  3.8092565e-03 -1.3652070e-03
  2.3234279e-03 -4.1921798e-05 -1.7522837e-04 -2.4742545e-03
 -1.3400710e-03  5.8570923e-04 -2.8199994e-03  4.3324041e-03
 -3.1441383e-03  1.3761309e-03 -9.6453395e-04  3.5356061e-04
  3.8887537e-04 -1.4480581e-03  3.6246176e-03 -2.0666298e-04
  1.4845514e-03  1.6006567e-03  3.1111510e-03  2.6185340e-03
 -3.8958183e-03 -6.2598469e-05 -1.2029251e-03 -1.1964901e-03]",2,artificial intelligence,2
17,ANALOG CONTROLLER DESIGN," Analog Controller Design Workshop
Date","['analog', 'controller', 'design', 'workshop', 'date']","analog, controller, design, workshop, date","[ 8.12797924e-04  3.36050754e-03 -2.26480654e-03  1.33023877e-03
 -1.23377435e-03  1.70748984e-03  2.81999866e-03 -4.02184436e-03
  9.60719422e-04  1.11068948e-03  3.47670028e-03 -4.64618579e-03
  5.81224356e-03  1.22238114e-03 -4.42194432e-04  1.13153365e-04
  3.17957427e-04  2.16796441e-04  2.08898517e-03 -1.83313806e-03
  7.33630615e-04  4.62074939e-04  2.36449251e-03 -1.05042825e-03
  8.50247336e-04 -1.61366258e-03 -3.84170096e-04 -3.06920102e-03
 -9.38689976e-04 -5.16567554e-04  1.43880956e-03 -8.65711656e-04
  7.33913621e-03 -2.39927811e-03 -2.74738320e-03  3.06296535e-03
  9.24814609e-04  2.77706399e-03 -1.70634373e-03 -1.24564138e-03
 -2.02751579e-03  1.05106528e-03  3.16665322e-03 -2.78590107e-03
  3.11976136e-03  7.00794917e-04 -7.04707694e-04 -1.66763464e-04
  1.07592018e-03  1.49372348e-03 -2.03306531e-03  3.40346876e-03
 -1.53972930e-03 -1.45263865e-03  1.15833804e-03 -1.95601326e-03
 -1.94203260e-03  3.82493658e-04  3.79542122e-03 -5.50120720e-04
  1.75722153e-03 -2.59606401e-03 -1.64918567e-03  2.64324713e-04
 -1.17875636e-04 -4.44895681e-03 -1.25942251e-03  3.89070163e-04
 -8.98609986e-04  3.34618008e-03 -1.33432378e-03 -1.85335241e-03
  1.81676331e-03  5.99935371e-03  6.70536596e-04 -2.43344717e-03
 -3.43144825e-03 -2.29741726e-03 -1.21499819e-03  4.68327012e-03
  1.31208362e-04 -4.37174086e-03 -1.47443102e-03  9.63021084e-05
 -8.30172212e-04 -3.64465569e-03 -1.76722743e-03 -2.17236322e-03
  2.74308561e-03  2.98039499e-03 -2.48754909e-03  9.30766226e-04
 -3.25733470e-03 -1.34138751e-03  9.95007926e-04 -2.22755203e-04
 -1.00035989e-03  1.49184442e-03 -5.67229690e-05 -3.42996762e-04]",0,,5
18,MATHEMATICA,['Online workshop on Statistics and Differential Equations through Mathematica\n '],"['online', 'workshop', 'statistics', 'differential', 'equations']","online, workshop, statistics, differential, equations","[-1.0337459e-03  6.2426541e-04  8.2427450e-04 -3.1524077e-03
  2.4993967e-03 -3.1517539e-04  1.9340009e-03  3.2374742e-03
 -1.5093479e-03 -3.4675066e-04  2.0260039e-05 -5.5073202e-03
  2.0859041e-03 -9.2807290e-04  3.3627325e-03 -2.2356713e-03
 -5.4996053e-04 -2.4176878e-03  1.4178890e-03  7.2132371e-04
  3.2741696e-04  3.8584043e-05  2.1340286e-03 -3.5507050e-03
 -1.3402654e-04  1.0339208e-03 -1.9944194e-03 -2.4569547e-03
  9.3525462e-04 -7.0368760e-04  5.7402467e-03 -2.2754038e-03
 -2.0597852e-03  8.5235742e-04 -1.1169463e-03  1.0002366e-03
  1.3082613e-03  2.8312404e-03  6.6428906e-03 -6.1396807e-03
  1.2360992e-03 -4.1105286e-03  7.8641076e-04  3.0564521e-03
  1.4755470e-03  4.5131132e-04 -6.6740607e-04  4.1091861e-03
  3.0943099e-03 -2.2422366e-03 -2.7115538e-03 -5.0309408e-03
  2.3962534e-03  8.9032331e-04 -1.2655485e-03  3.7689009e-03
  2.2483182e-03 -1.6069517e-03  5.9370080e-04 -3.6001366e-03
  2.3340185e-03 -3.4174291e-04  4.1801720e-03  2.6820120e-04
  2.6055193e-04  2.2920086e-03 -3.7997868e-04  4.2526885e-03
 -2.3415007e-03 -8.6785338e-05  8.6908054e-04  3.2345363e-04
  3.5736742e-03  3.8541644e-03 -2.4861973e-03 -1.9233696e-03
 -1.8327488e-03 -2.1534788e-03 -5.1945448e-03 -1.3802805e-03
  1.0027032e-03 -2.8906665e-03  2.2448939e-03  2.8229798e-03
  5.5553326e-03 -2.2163051e-03  2.0327992e-03 -2.5051777e-04
  3.1978000e-04  1.2759503e-03  4.0784697e-03 -1.7444564e-03
 -2.4655118e-04  1.5350664e-03  5.2580261e-03  4.4158166e-03
  1.8510735e-03 -2.8294579e-03  5.2329560e-04 -2.9893704e-03]",2,maths,4
19,LLM FINE TUNING,['A one-day workshop on fine-tuning LLMs using Intel Architecture on 15th March in AB3 501.\n '],"['day', 'workshop', 'fine', 'tuning', 'llms', 'intel', 'architecture', 'march']","day, workshop, fine, tuning, llms, intel, architecture, march","[ 2.2406220e-03 -5.2226963e-04 -7.7300565e-04  5.7047914e-04
 -6.6613767e-04 -1.7599692e-03  3.6519635e-03 -4.8825977e-04
 -3.3348375e-03  9.7133289e-04  3.8638494e-03 -2.0480109e-03
  1.1140365e-03  2.9321720e-03  1.2928552e-03  1.8411118e-03
 -1.8494651e-03 -1.3826087e-03  7.6541497e-04 -4.2815735e-03
 -3.7944541e-04  7.8300491e-04  3.4326219e-03 -2.9681013e-03
  1.0888993e-03 -6.7405030e-04  1.0230842e-03 -2.1304025e-03
  8.7457971e-04 -5.0743828e-03  3.1789150e-03  1.0123979e-03
 -5.3367601e-04  2.9897250e-03 -4.0721409e-03  1.9162255e-03
 -1.1035169e-03 -1.3196976e-03 -1.9443721e-03  4.6831946e-04
  3.9565032e-03  4.7164662e-03 -7.8335253e-04  1.3310942e-03
  1.4230912e-03  2.0492100e-03  1.4410150e-04  3.8955139e-04
  1.5865932e-03 -1.5354187e-03  2.1470517e-03 -1.0581553e-03
 -2.3717890e-03  4.8590126e-04  1.9138414e-04 -2.0933263e-03
 -6.3820742e-04 -1.1588678e-03  1.3359452e-03 -7.8246248e-04
 -1.6628435e-03  2.0127324e-03  1.8205196e-03  1.7324209e-03
 -3.1527232e-03  9.4822579e-04 -1.6498663e-03  1.4260313e-03
 -4.7293571e-03 -3.1948782e-04 -8.9436077e-04  3.1963666e-03
 -8.9420751e-04  1.0048886e-03 -5.9841404e-06 -4.5100035e-04
 -9.4267284e-04 -2.6751235e-03 -3.0721363e-03  3.6131432e-03
  1.7384515e-03 -4.1221380e-03  9.3211781e-04  4.7447829e-04
  9.1943046e-04 -1.6354735e-03  2.8399279e-04  1.8299920e-03
 -2.8961309e-04 -1.1273534e-03 -5.1051984e-03  5.1710214e-03
  3.3961114e-04  1.8549811e-03  1.6881777e-03 -5.4120092e-04
  3.9198212e-03  9.3713601e-04  1.9226866e-03  1.5976230e-03]",2,artificial intelligence,2
20,ADVANCEMENTS VLSI TESTING,['online national workshop on Advancements in VLSI Testing to be held on 23rd March 2024.\n '],"['online', 'national', 'workshop', 'advancements', 'vlsi', 'testing', 'held', 'march']","online, national, workshop, advancements, vlsi, testing, held, march","[-2.9856474e-03 -1.5376038e-03  1.3346251e-03  2.4646595e-03
 -5.0258648e-04  2.2102678e-03  2.9322072e-03  1.8780839e-03
 -4.4706231e-03 -2.3080381e-03 -4.9789407e-05 -8.1535266e-04
  4.3192651e-04 -1.0013648e-03 -8.5303909e-04  2.3500910e-03
 -1.0173118e-03 -1.9416995e-03 -1.2223099e-03 -6.4030930e-05
  8.6427876e-04  5.0374949e-03 -8.5376122e-04 -4.4129058e-03
 -8.6144591e-04 -9.9720852e-04 -1.3601265e-03 -1.4148897e-03
 -1.6038665e-03 -2.1661358e-04  2.8525335e-03 -7.6764455e-04
  6.9330924e-04  7.5842306e-04 -1.2119537e-03  5.9224558e-03
  3.1193183e-04  2.0568583e-03  4.2836583e-04 -4.4350210e-04
  4.9059815e-03  8.0490892e-04 -7.1634905e-04  2.6092282e-04
  7.7482691e-04 -8.1896805e-04 -3.7608976e-03  1.2671191e-03
  4.2271853e-04  1.5055356e-03  7.8057649e-04  2.2048252e-03
  2.2908226e-03 -2.8901431e-04 -2.7574592e-03  3.0055447e-03
 -1.5674368e-03  3.0643973e-04 -1.3698392e-03 -8.8704874e-05
 -1.2258679e-05  1.0510418e-03  5.1995013e-03  6.7585276e-04
 -3.9942269e-03 -1.8761768e-03 -2.6113326e-03 -6.7293888e-04
  3.2085634e-04 -2.9727509e-03 -2.3780635e-03  2.9487463e-03
  8.3644903e-04  6.0796284e-04  3.2792697e-05 -2.9557336e-03
 -5.5844022e-04 -1.6029010e-03 -4.2374793e-04  1.7803232e-03
 -1.1189506e-04  7.9322635e-04  8.8083686e-04 -9.2934060e-05
 -1.5454835e-03 -1.4469728e-03 -9.1882126e-04  1.4908041e-03
  2.8674421e-03  1.1886524e-03 -2.1969401e-03  3.1684563e-03
 -1.4515941e-03  1.0789095e-03  4.9384339e-03  3.2674973e-03
 -3.6878432e-03 -1.1131247e-03  3.5143774e-03 -1.3951297e-03]",2,,5
21,NANOSCALE DEVICES,['Workshop titled Simulation of Nanoscale Devices for VLSI.\n '],"['workshop', 'titled', 'simulation', 'nanoscale', 'devices']","workshop, titled, simulation, nanoscale, devices","[-9.3387533e-04  7.4018938e-03  1.3965515e-03 -5.7184836e-05
 -2.0824610e-03  7.7006768e-04 -4.6331753e-04  6.2156236e-04
 -3.2481708e-04  3.2987844e-03 -3.4133694e-03 -2.2573308e-03
  3.4444281e-03  2.0112568e-03  4.9864320e-04  2.5574933e-03
 -1.0028041e-03  1.4440615e-03 -2.6687090e-03 -4.5628408e-03
 -7.3463458e-04  2.5302870e-03  7.4801373e-04 -1.5705619e-03
  8.6587109e-04  2.4415939e-03 -2.7969300e-03 -3.2254220e-03
 -8.8937255e-04 -1.8914106e-03  4.7686114e-03 -2.4375939e-03
 -2.2482618e-03  1.8259581e-03  2.0141327e-03  3.0394620e-03
  2.3260952e-03  3.2988656e-03  2.3455154e-03 -4.0601683e-03
 -2.4265619e-03 -9.5462025e-04  1.2765776e-03 -3.9772941e-03
 -5.6753511e-04  3.0671767e-04 -8.7656302e-04  2.2235634e-03
 -4.5051640e-03 -3.7078651e-05 -1.6214598e-03  1.1502570e-03
 -2.1089497e-03  5.2294164e-04  4.2315526e-03  2.3408472e-03
 -1.5714793e-03 -1.8637903e-03  6.3271442e-04 -4.8040302e-04
 -1.1747245e-03 -4.2986157e-03  2.0952630e-03 -1.5271420e-03
 -6.9132901e-04 -3.7326929e-04  2.1505181e-03  9.1820990e-04
  6.8540825e-04  8.3678879e-04 -1.7864362e-03  2.9388870e-04
  1.5959520e-03  9.0297329e-04 -3.6986098e-03 -1.0849214e-04
 -1.3282612e-03 -2.1486070e-03  4.0540268e-04  2.8872576e-03
  1.2053670e-03  6.4824783e-04  3.0354750e-03 -9.6520793e-04
  7.9818734e-04  3.5702295e-03 -1.4960419e-03 -1.1325058e-03
  7.4535620e-04  7.9118944e-04 -6.8833469e-03 -1.0086733e-03
  3.9728647e-04 -2.9659034e-03  3.9662458e-03 -3.2671922e-04
 -5.2716845e-04  4.5232424e-03 -2.1888290e-03 -6.3579570e-04]",0,,5
22,SYSTEM VERILOG-AMBA AXI4,['Two-day online workshop on System Verilog and AMBA AXI4\n '],"['day', 'online', 'workshop', 'system', 'verilog', 'amba']","day, online, workshop, system, verilog, amba","[-2.2502837e-03  1.9491122e-04 -1.4059228e-03  9.5319282e-04
 -1.6296586e-03  1.8841727e-03  4.4687763e-03  1.9970306e-03
 -2.3986958e-03 -5.9838063e-04  2.9121020e-03 -3.6294833e-03
  1.3491962e-03 -1.1836705e-03  1.2269499e-03 -1.5041339e-03
 -1.1178665e-05 -1.4655087e-03 -8.3595980e-04 -2.6154967e-03
 -2.8331687e-03  2.8930595e-03  5.5251960e-03  2.4262599e-03
  1.3612211e-04  1.4641900e-03 -6.2041573e-04 -3.1501448e-03
  4.0123179e-03  3.6609932e-04  4.9571977e-03  1.7687264e-04
  4.9800868e-04  4.5355628e-03 -1.9006283e-03  5.6583174e-03
  1.8655154e-03  1.9212140e-03 -4.9376365e-04 -3.9581871e-03
  2.3319842e-03 -2.0108053e-03  1.1938274e-03 -3.5325401e-03
 -6.0307170e-04 -4.1543684e-04 -7.8377716e-04  1.8782759e-05
 -3.1698672e-03 -4.5846985e-03  1.5938422e-05 -3.6918465e-03
  3.5195958e-04  1.5161767e-03 -3.8486607e-03 -2.2265855e-03
  1.3560299e-03 -3.2761430e-03 -2.9638838e-03 -8.4179081e-04
  5.1309535e-04 -9.2718768e-04  3.3862395e-03 -2.3692788e-03
 -1.4153002e-03  1.9036243e-03 -2.7266890e-04 -9.1218989e-04
 -3.1879924e-03 -7.4031350e-04  2.4724880e-03  7.7920250e-04
  2.9903047e-03  2.2668426e-03 -1.9384082e-03 -8.8753895e-04
 -3.5730635e-03 -1.9813345e-03 -2.8465742e-03 -4.9232907e-04
 -5.0377112e-04 -3.0611046e-03 -7.0458784e-04 -3.0430651e-03
 -1.8789162e-03  1.1731585e-03  1.7560514e-04 -2.4656875e-03
 -4.4161575e-03 -2.0326038e-03  2.0381419e-03 -8.1303209e-04
 -1.5915580e-03 -2.6424483e-03  1.0625009e-03  5.5188435e-04
  1.2781076e-03 -2.4211050e-04  1.7130533e-03 -1.0688448e-03]",2,,5
23,INDUSTRIAL AUTOMATION-PLC,PLC-based industrial automation,"['plc', 'based', 'industrial', 'automation']","plc, based, industrial, automation","[-2.9111546e-03 -5.2136695e-03  2.2336906e-03  1.3102323e-04
 -4.2465511e-03 -1.1771127e-03 -8.1654597e-04  6.3867203e-04
 -1.2455212e-03 -3.1979789e-03  3.2274101e-03 -2.8394995e-04
  4.8585655e-04  3.3839897e-03 -4.7429409e-03  4.2498722e-03
  4.4338754e-04 -1.7401661e-03  4.0244544e-03  4.3558837e-03
  4.0214341e-03 -1.3555873e-03 -5.3432747e-03 -8.0308190e-04
  2.5460052e-03 -2.9011467e-03  4.0647234e-03 -4.3317361e-04
 -2.6936114e-03 -5.5103813e-04  3.2941368e-03 -2.2632473e-03
 -4.0399651e-03 -2.3002923e-04 -3.5719962e-03 -3.3087670e-03
  3.1997622e-03 -6.9653476e-03  4.1490421e-06 -2.8386824e-03
 -2.2583199e-03 -4.7891852e-03 -2.3236021e-03  2.2491263e-03
  5.6183087e-03 -6.5171798e-03  4.8597384e-04  1.7805509e-03
 -7.7578011e-03  1.1056943e-03  3.2672891e-04  1.4182415e-03
 -9.9142105e-04 -7.9550018e-04 -5.1537715e-04  2.6165578e-04
 -3.6292127e-03  2.9636314e-03 -7.6027709e-04 -2.8290323e-03
  2.7253507e-03  3.6169973e-04  2.9909988e-03  1.3504613e-03
  1.1170830e-04 -6.7693926e-04  3.5997226e-03  2.7695540e-03
  3.7949409e-03  5.6219939e-03 -2.1479584e-03 -6.6925597e-04
  3.9859498e-03  3.3244006e-03 -2.6007695e-04  3.7791021e-03
  1.4569926e-03 -9.8110014e-04  1.9941723e-03 -4.4732322e-03
 -1.3047395e-03 -7.8884355e-04 -2.5663045e-03  2.7886620e-03
 -9.7029505e-04 -2.5822758e-03  1.3656437e-04 -2.0606574e-03
 -3.5957105e-03  1.2716919e-04 -1.4424908e-03  5.3304513e-03
  1.7559803e-03  2.9348433e-03  5.2537851e-04  2.7668872e-04
  5.2997181e-03  1.7755429e-03  4.2929221e-03  8.9323730e-05]",2,,2
24,CLOUD INFRASTRUCTURE,Cloud Infrastructure by C-DAC,"['cloud', 'infrastructure', 'c', 'dac']","cloud, infrastructure, c, dac","[ 2.0188717e-03  1.7890749e-03 -2.9312554e-03 -3.6108056e-03
 -3.0929572e-04 -3.8991990e-03  2.8439949e-03 -3.2282753e-03
  3.2292365e-03 -1.6874546e-03 -1.0634514e-03 -2.3982015e-03
 -3.0489685e-04 -3.8104896e-03 -2.0846268e-03  2.3461759e-04
 -4.8263981e-03 -5.0725797e-03  1.5989409e-03 -2.8126850e-03
  2.5307143e-03  8.5339905e-04  4.1743447e-03  3.5146954e-03
  6.3497820e-03  1.8939606e-03  4.6608653e-03  5.2471724e-03
 -2.3372476e-03 -1.2111103e-03 -1.5403784e-05 -6.2433950e-04
 -1.0680639e-03  2.9375833e-03 -2.7921593e-03 -4.1350140e-03
  5.2554570e-03 -2.5113556e-04  8.5053296e-04  2.8424913e-03
 -2.5008526e-04  1.0854502e-03 -1.5031091e-03 -3.9109550e-03
  3.2170222e-04 -1.2690069e-03  1.4577915e-03 -1.1567442e-03
  3.9620162e-03  6.8439764e-04  1.8257948e-03 -2.4421860e-03
  3.3817727e-03 -8.3329168e-04 -1.1012242e-03  2.0302075e-03
  1.6402875e-03  3.6152203e-03 -2.7750463e-03 -6.2493659e-03
  1.6019479e-03  9.8713895e-04  2.3405724e-03 -1.9764663e-03
 -2.8277314e-03  2.4589426e-03 -5.5573564e-03  1.0689751e-03
 -1.6557006e-03 -2.3321356e-03 -1.8296061e-03  7.8051882e-03
  2.4764710e-03 -3.3407309e-04 -2.9526185e-03 -8.1500283e-04
 -1.6120269e-03  1.6253666e-03  3.8254205e-03 -1.3688349e-03
 -8.7089505e-04  1.0325299e-03 -1.3299574e-03  4.7140880e-03
  1.9734963e-03  2.8995275e-03  1.8574105e-03 -4.4804259e-04
 -3.9893965e-04 -2.3801599e-03 -1.4404724e-03  1.1729407e-03
  1.2559274e-03 -1.4565217e-03 -1.3355333e-03  4.5592152e-03
  7.0921530e-04  1.9257523e-03 -1.8768994e-03 -1.4302484e-03]",0,cloud computing,2
25,VITCMUN 24,VITCMUN 24 under the banner of The Debate Society VITC,"['vitcmun', 'banner', 'debate', 'society', 'vitc']","vitcmun, banner, debate, society, vitc","[ 0.00160279  0.00086643 -0.00078482 -0.00816872  0.00105653  0.00042493
 -0.00317299  0.00188797  0.00247062 -0.00082934  0.00172715  0.00051662
  0.00027816 -0.00120443  0.00603235 -0.00183503 -0.00130852 -0.00117316
 -0.00292002 -0.0057195  -0.00116321 -0.00324308  0.00019656  0.001387
 -0.00035567 -0.00192276 -0.00142538 -0.00280926  0.00044258  0.00112055
 -0.0037584   0.00142365  0.00543868  0.00095255 -0.00231896 -0.00274248
 -0.00368775 -0.00265919  0.00131063 -0.00153171  0.00081405 -0.00019915
 -0.00537874  0.00091488  0.00038524 -0.00172884 -0.00035862  0.00039021
  0.00172988  0.0026455  -0.00148794 -0.00015317 -0.00136624  0.00185366
  0.00351906  0.00370557 -0.00304495  0.0005041   0.00454269  0.00440267
 -0.00110189  0.00117189 -0.00299376  0.00210883 -0.00169684  0.00359028
 -0.00272746 -0.00485926  0.00107701 -0.00116861 -0.00663564  0.00273243
 -0.0013814   0.00126116 -0.00093847  0.00228977  0.00312737 -0.0018551
  0.00226947  0.00066143  0.00469136  0.00350161  0.00204912  0.00473215
 -0.00253336  0.00032787 -0.00030821  0.00295817  0.00447393 -0.00179512
  0.00171143  0.00344935  0.00061381 -0.00071729 -0.00247557 -0.00134234
  0.00429584 -0.00497996  0.00203629 -0.00407128]",0,,0
26,ANDROID APP,"4 day workshop on Flutter and Kotlin.

 ","['day', 'workshop', 'flutter', 'kotlin']","day, workshop, flutter, kotlin","[-3.2011303e-03  9.8669133e-04  2.8027946e-03  1.1113267e-03
  3.1543435e-03 -1.8308337e-03  3.9112507e-03  1.7488286e-03
 -4.4551501e-03 -9.1615133e-05  3.7953607e-04 -2.7729773e-03
  1.3229300e-03  1.1139922e-04 -2.0547111e-03  1.9358085e-03
 -3.1881832e-04 -4.0854397e-04 -4.3752440e-03 -7.4198609e-03
 -7.6449534e-04 -1.6442111e-03  4.0853056e-03 -5.8183200e-03
  2.4519523e-03  8.6777518e-04 -2.9097018e-03 -3.7358776e-03
  7.5094914e-04  3.9304234e-04  7.1338806e-03  2.1761504e-03
  4.5251241e-03  3.6926200e-03 -3.6722282e-03  4.4115721e-03
 -2.2253087e-03  7.8154262e-05 -4.0460331e-03 -5.7363738e-03
 -2.3698772e-04 -1.0276998e-03  6.7106616e-03 -3.0016364e-03
  2.5131090e-03  5.2002212e-03 -4.8027113e-03 -9.9446881e-04
 -3.2503027e-03  7.0275983e-04 -1.2757131e-03 -3.1799707e-03
  9.2290994e-04  1.8814758e-03 -6.1318208e-04 -5.4621850e-03
 -6.2362349e-05 -5.7635875e-04 -5.6430895e-04 -9.9563762e-04
 -3.6073430e-03 -6.9556118e-04  4.5134230e-03  2.0984869e-04
 -5.9237918e-03 -3.1662825e-04 -2.7662137e-04 -8.8265399e-04
 -4.4148178e-03  2.1316009e-03 -2.2295206e-03  2.6128476e-03
  3.2962533e-05  5.3401822e-03  1.5999745e-03 -6.4891111e-03
  1.0540978e-03 -3.2874541e-03 -6.2169991e-03  1.2304126e-03
  2.7032162e-04 -3.0211001e-03 -7.1077573e-04 -2.7794507e-04
  8.4708980e-04  9.3931478e-04  4.5350986e-03 -9.6195983e-04
 -3.7954075e-03  1.6397979e-03  2.1912402e-04  3.5052123e-03
 -6.6056842e-04 -7.8493159e-04  4.1143512e-03  7.4961013e-04
  6.9090864e-05 -2.4307270e-03  1.3995493e-03  1.9168174e-03]",2,app development,2
27,TECH JAM 2.0,"Upskill yourself with a self-paced crash course covering important topics in computer science from C, Java to Machine Learning.
 ","['upskill', 'self', 'paced', 'crash', 'course', 'covering', 'important', 'topics', 'computer', 'science', 'c', 'java', 'machine', 'learning']","upskill, self, paced, crash, course, covering, important, topics, computer, science, c, java, machine, learning","[ 2.1919645e-03 -2.3375855e-04  7.1601412e-04  1.0025322e-05
  2.2555921e-04 -3.1223136e-03 -4.3474327e-04 -1.3488085e-03
  8.5528976e-05 -2.6437102e-04 -3.2741202e-03 -1.4620500e-05
  3.9249478e-04  1.3647074e-03 -7.2887767e-04 -1.0091609e-03
  6.4833404e-04  1.3191085e-03 -2.1857848e-04 -7.8741170e-04
  8.3817588e-04 -2.1801111e-03  2.5591158e-04  7.8816898e-05
 -3.5840771e-04  3.0122448e-03  1.6704963e-04  8.8249997e-04
 -2.2480264e-03 -3.2581049e-03  9.5397647e-04  2.3352061e-03
  5.3253124e-04  3.5325324e-04  1.9029855e-03  1.0119195e-03
 -1.4387991e-03  5.1294093e-04 -2.3345912e-05  9.6756051e-04
  3.8679634e-04 -6.9581595e-04 -4.1329782e-03 -2.9969136e-03
 -1.3278920e-03  1.1146130e-03 -9.9960598e-05 -1.0236987e-03
 -1.8217805e-03  4.7230115e-04  2.6765545e-07  4.2885481e-04
  2.2023052e-03 -7.7013549e-04  2.0103167e-04  3.6563389e-03
 -3.4839434e-03  1.6550729e-03 -3.2789507e-03 -9.9551422e-04
  2.6381708e-04 -4.3414137e-03 -6.2716485e-04  1.9014847e-03
  1.8298010e-03 -5.0141418e-04  2.2823666e-03  4.5802616e-04
  1.9006894e-03  4.2113215e-03 -2.4785360e-04 -9.0757041e-04
 -3.1469357e-05 -9.4431767e-04  1.0303642e-03  2.0709832e-03
 -3.4165775e-04 -4.2725960e-04  1.3583660e-03  2.1593359e-03
 -7.4842916e-04  8.0858916e-04 -7.8466284e-04  1.2406094e-03
 -2.2147750e-03 -6.3034880e-04  3.6227156e-03  1.9385972e-03
  4.7047244e-04 -2.3331647e-03  3.3719582e-03 -5.2141503e-04
  2.3895423e-03  2.9796650e-04 -1.9060365e-03  1.4739408e-03
 -1.8749909e-03  1.3592244e-03  3.2288884e-04 -3.9533013e-04]",0,programming,2
28,WEBDEX 2024,"6 day bootcamp and 24 hour hackathon designed to empower students with valuable skills and experience in the field of web development with no or low code.

 ","['day', 'bootcamp', 'hour', 'hackathon', 'designed', 'empower', 'students', 'valuable', 'skills', 'experience', 'field', 'web', 'development', 'low', 'code']","day, bootcamp, hour, hackathon, designed, empower, students, valuable, skills, experience, field, web, development, low, code","[ 3.3378233e-03  1.1932437e-04 -8.2331646e-04  2.7133778e-03
 -1.3092657e-03 -2.5721518e-03  1.3525374e-04  3.0221087e-03
 -2.8310390e-03 -4.6485668e-04  1.4352197e-04 -9.2562760e-04
  7.5075793e-04  1.5088378e-03  1.9578893e-04 -1.8541689e-03
 -1.4259934e-03 -3.1418211e-03 -1.5340752e-03 -1.9734069e-03
  1.2225365e-03  2.2836322e-04  3.4301386e-06 -7.1095239e-04
 -4.1907385e-04  8.6829037e-04 -1.4873724e-03 -1.0895788e-03
 -1.9631491e-04  2.4095124e-03 -4.8602105e-04  2.3742924e-03
  1.7858917e-03  2.7826574e-04  8.0416229e-04  2.1635697e-03
 -8.4169483e-04  5.6208170e-04 -5.0789531e-04 -5.6442847e-03
 -3.6433470e-05 -1.7388751e-04  1.1882462e-03  7.2467286e-04
 -1.0783037e-03 -6.3491048e-04  3.9160406e-04 -8.0677215e-04
 -1.7288082e-03 -7.0958689e-04 -1.0902879e-03 -2.2638889e-03
  8.6825123e-05 -2.0074740e-03  7.1379769e-04 -2.3239912e-03
  7.6220982e-04 -6.7113142e-04 -4.6458928e-04  9.4829168e-04
  2.9167014e-03  7.6280598e-04  1.0396813e-03 -3.2105437e-04
 -1.6746630e-03  2.9074817e-03  2.8049503e-03  2.9466569e-03
 -2.1827328e-03  9.8979461e-04 -2.2386897e-03  3.2826848e-04
 -2.9313826e-04 -1.7150823e-04  1.6908072e-03 -7.5620291e-04
 -1.6735324e-03  5.9310428e-04  2.9481418e-04 -4.6864513e-04
  3.1085156e-03  2.3867772e-03 -2.7714521e-03  2.6050545e-04
 -6.6665125e-05 -2.9043076e-03  2.0485774e-03  1.1561786e-04
  3.0791727e-04  5.8702630e-04  1.6812873e-03 -8.6564352e-05
  1.1288747e-04  8.7566505e-04  1.3655408e-03 -1.4744221e-03
  1.0654330e-03  7.9590006e-04 -6.0836936e-04  1.5225771e-04]",0,web development,2
29,ANALOG CONTROLLER DESIGN,One Day Workshop on Analog Controller Design,"['day', 'workshop', 'analog', 'controller', 'design']","day, workshop, analog, controller, design","[ 5.1493559e-04 -7.6020759e-04  2.1526515e-03  2.2765365e-03
  6.0319860e-04  1.1645454e-03  3.1653065e-03 -4.2523523e-03
 -1.6839271e-03  2.2780490e-03  1.8392410e-03 -3.7462055e-03
  5.7619535e-03  2.4912623e-03  7.8766485e-04 -5.7525525e-04
  2.4453970e-03 -2.3531713e-04 -7.4874886e-05 -2.7682765e-03
  3.8496039e-03  2.4602935e-03  3.7427947e-03 -6.5256504e-04
  1.6798883e-03 -7.6695578e-04 -1.4261326e-03 -1.8890835e-04
 -7.7104958e-04  4.6749070e-04  5.3509902e-03  1.4073385e-03
  2.8399988e-03 -5.5375544e-04 -4.9570762e-03  3.9298423e-03
  6.2322064e-04 -1.1964436e-03 -1.2366526e-03 -4.8168162e-03
 -5.7249382e-04 -1.3433885e-03  3.7366021e-03 -1.7032931e-03
  3.3070813e-03  3.4192405e-03 -1.8894164e-03 -1.0215866e-03
 -3.1007279e-03 -2.0973384e-07  1.5726140e-03 -1.6046811e-03
  2.6416956e-04 -2.8845300e-03 -1.9237923e-03 -1.3535633e-03
 -3.3016081e-03 -1.3305789e-03 -2.4149474e-03 -2.4420961e-03
 -6.4305839e-04 -1.5314197e-03  2.9600598e-03 -1.0235460e-03
 -5.6415127e-04 -2.7197349e-04 -2.5073662e-03  6.5038557e-04
 -2.3821029e-03  2.0014860e-03 -2.0491772e-03  1.0723844e-03
  1.8968743e-03  2.4818773e-03  2.4880716e-03 -1.7423056e-03
 -3.5498000e-03  6.4867188e-04 -1.8375324e-03  2.4779635e-03
  1.9828912e-03 -6.5112435e-03 -3.5404018e-03  1.8296831e-03
 -2.3316494e-03  6.3526665e-04  3.1770748e-04 -5.3197728e-03
  5.0946843e-04  3.2856353e-03  5.8522460e-04  3.1424139e-03
 -1.7654356e-03 -4.0566316e-03  2.9447835e-03 -2.2902819e-03
 -1.5297988e-03 -2.4520841e-03  3.0095535e-03 -1.1229109e-03]",2,,2
30,HACKFEST 2024-SAP,Registration Fee ,"['registration', 'fee']","registration, fee","[ 5.8525074e-03 -3.7165454e-03 -4.4053392e-03 -3.6362726e-03
 -1.4061482e-03 -2.8055501e-03  3.1204661e-03 -3.4485506e-03
 -6.1563235e-03  4.7479505e-03  3.3085956e-04  2.9303744e-03
 -2.4167320e-03 -5.2381605e-03 -9.5576287e-04  8.5123591e-03
 -8.7110035e-05 -3.6113276e-03 -5.7365359e-03 -3.9950088e-03
 -6.1911400e-03  7.2770249e-03 -8.1299581e-03 -8.3064457e-04
 -3.6015331e-03  6.5093888e-03 -1.0775058e-03  3.7238589e-03
  5.5502565e-04  1.4179400e-03  1.6022520e-04  7.3626568e-04
 -1.6875931e-03 -3.5270639e-03  4.1741487e-03  2.9402543e-03
  2.7535344e-03 -1.2000660e-04  1.4119156e-03 -5.4632663e-03
  2.6650822e-03 -7.3056743e-03  8.7318709e-04  5.0838795e-03
  3.4268517e-03  6.7258356e-03 -6.2458515e-03  8.7398207e-03
 -2.3515061e-03 -2.7509024e-03  2.9394194e-04 -2.3471056e-03
  5.0765928e-03  1.8761622e-03 -6.5828515e-03  2.2659840e-03
  2.8832806e-03  6.4743119e-03 -6.4679943e-03 -9.4359694e-04
 -6.2778750e-03 -1.3529090e-03 -4.8118001e-03  3.3345018e-03
  6.7911730e-03  7.9842247e-03  5.7207970e-03  2.9130199e-03
 -7.6271669e-04  2.9225159e-04  1.1716038e-05  2.6175799e-04
  2.5416077e-03  5.8784327e-03  7.3640229e-04 -3.6218520e-03
 -4.4293054e-03  7.3382957e-03  7.8861862e-03 -1.7947742e-03
 -1.7152627e-03  2.5160224e-03  7.7848136e-04  4.9281376e-04
 -4.9229525e-04 -1.2425283e-03  5.3555425e-03  5.4197768e-03
  8.5221225e-04  4.3047089e-03  1.4759633e-03  7.5670830e-03
 -5.0053080e-03 -1.3401011e-03 -3.8651070e-03 -4.6537234e-04
 -1.8782599e-04 -8.0544893e-03  5.5737337e-03  7.0887906e-03]",4,,5
31,CORPORATE LAW-STUDENTS,International Symposium on Corporate Law,"['international', 'symposium', 'corporate', 'law']","international, symposium, corporate, law","[-0.00322106  0.00128325 -0.00304219  0.00529754  0.00599899  0.00262402
  0.00116863  0.00224242 -0.00345774  0.00209627 -0.00165791 -0.00109957
  0.00362515  0.00264052  0.00143608 -0.00140718  0.00337172  0.00368777
 -0.00417687 -0.00347499  0.00085255 -0.00217714  0.00140563 -0.00382872
  0.00088145 -0.00397187  0.00086862  0.00311175 -0.00408619  0.0038478
  0.00454714 -0.00424838 -0.00110313  0.0005959  -0.00261004  0.0028007
 -0.00014102  0.0055722   0.00293294  0.00270145  0.00298464 -0.00255171
 -0.00529009  0.00358547 -0.00038384 -0.00022192  0.00176301 -0.00368765
  0.00225481  0.00143236  0.00448909 -0.00392467 -0.00171001 -0.00136373
 -0.00460114  0.00354966  0.00282984 -0.00103774 -0.00605466 -0.00278816
 -0.00114193  0.00037892  0.00217448 -0.0040554  -0.00546486  0.00576099
  0.00475566 -0.00153517 -0.00022668  0.00244948  0.00124954 -0.00232036
  0.00043741  0.00186531 -0.00018786  0.00025319  0.00309586  0.00251803
 -0.001299    0.00071056 -0.00326402  0.00093635 -0.00168006 -0.00068682
 -0.00115597 -0.00107052 -0.00159211 -0.00246353  0.00186028  0.00103008
 -0.00035528  0.00024686  0.00260739 -0.00296439  0.00136224 -0.00086473
  0.00443052 -0.00019706 -0.0012794  -0.00064026]",5,law,3
32,CORPORATE LAW-ACADEMICIAN,International Symposium on Corporate Law,"['international', 'symposium', 'corporate', 'law']","international, symposium, corporate, law","[-0.00322106  0.00128325 -0.00304219  0.00529754  0.00599899  0.00262402
  0.00116863  0.00224242 -0.00345774  0.00209627 -0.00165791 -0.00109957
  0.00362515  0.00264052  0.00143608 -0.00140718  0.00337172  0.00368777
 -0.00417687 -0.00347499  0.00085255 -0.00217714  0.00140563 -0.00382872
  0.00088145 -0.00397187  0.00086862  0.00311175 -0.00408619  0.0038478
  0.00454714 -0.00424838 -0.00110313  0.0005959  -0.00261004  0.0028007
 -0.00014102  0.0055722   0.00293294  0.00270145  0.00298464 -0.00255171
 -0.00529009  0.00358547 -0.00038384 -0.00022192  0.00176301 -0.00368765
  0.00225481  0.00143236  0.00448909 -0.00392467 -0.00171001 -0.00136373
 -0.00460114  0.00354966  0.00282984 -0.00103774 -0.00605466 -0.00278816
 -0.00114193  0.00037892  0.00217448 -0.0040554  -0.00546486  0.00576099
  0.00475566 -0.00153517 -0.00022668  0.00244948  0.00124954 -0.00232036
  0.00043741  0.00186531 -0.00018786  0.00025319  0.00309586  0.00251803
 -0.001299    0.00071056 -0.00326402  0.00093635 -0.00168006 -0.00068682
 -0.00115597 -0.00107052 -0.00159211 -0.00246353  0.00186028  0.00103008
 -0.00035528  0.00024686  0.00260739 -0.00296439  0.00136224 -0.00086473
  0.00443052 -0.00019706 -0.0012794  -0.00064026]",5,law,3
33,CORPORATE LAW-PROFESSIONAL,International Symposium on Corporate Law,"['international', 'symposium', 'corporate', 'law']","international, symposium, corporate, law","[-0.00322106  0.00128325 -0.00304219  0.00529754  0.00599899  0.00262402
  0.00116863  0.00224242 -0.00345774  0.00209627 -0.00165791 -0.00109957
  0.00362515  0.00264052  0.00143608 -0.00140718  0.00337172  0.00368777
 -0.00417687 -0.00347499  0.00085255 -0.00217714  0.00140563 -0.00382872
  0.00088145 -0.00397187  0.00086862  0.00311175 -0.00408619  0.0038478
  0.00454714 -0.00424838 -0.00110313  0.0005959  -0.00261004  0.0028007
 -0.00014102  0.0055722   0.00293294  0.00270145  0.00298464 -0.00255171
 -0.00529009  0.00358547 -0.00038384 -0.00022192  0.00176301 -0.00368765
  0.00225481  0.00143236  0.00448909 -0.00392467 -0.00171001 -0.00136373
 -0.00460114  0.00354966  0.00282984 -0.00103774 -0.00605466 -0.00278816
 -0.00114193  0.00037892  0.00217448 -0.0040554  -0.00546486  0.00576099
  0.00475566 -0.00153517 -0.00022668  0.00244948  0.00124954 -0.00232036
  0.00043741  0.00186531 -0.00018786  0.00025319  0.00309586  0.00251803
 -0.001299    0.00071056 -0.00326402  0.00093635 -0.00168006 -0.00068682
 -0.00115597 -0.00107052 -0.00159211 -0.00246353  0.00186028  0.00103008
 -0.00035528  0.00024686  0.00260739 -0.00296439  0.00136224 -0.00086473
  0.00443052 -0.00019706 -0.0012794  -0.00064026]",5,law,3
34,STATISTICS-STUDENT,['5-day online FDP on recent trends on statistics and its applications in data science (27.03.24) at 10.00 am.\n '],"['day', 'online', 'fdp', 'recent', 'trends', 'statistics', 'applications', 'data', 'science']","day, online, fdp, recent, trends, statistics, applications, data, science","[ 2.75018218e-04 -2.62241648e-03  3.17428866e-03 -1.11947244e-03
 -2.07486330e-03 -9.88146523e-04  3.26565001e-04  4.13815631e-03
 -1.20149273e-03 -3.60356690e-03 -2.33472115e-03 -2.21429276e-03
 -9.24113730e-04  2.73186434e-03 -1.09256268e-03  2.95488426e-04
  7.91416736e-04  1.05082127e-03  1.99635979e-03 -2.11723452e-03
  3.31572082e-04 -7.01197932e-05  1.77349721e-04  2.44215084e-03
 -7.06956722e-04  3.43221379e-03 -2.24166014e-03 -5.02698123e-04
  2.81505007e-03  1.87775688e-04  3.98652675e-03  5.60704619e-04
 -1.61867205e-03 -3.08998278e-03  2.18117813e-04 -1.39984011e-03
  2.57044402e-03 -3.20180040e-03 -1.34083687e-03 -1.65037112e-03
  2.26495508e-03 -2.15245364e-03  1.03681302e-03 -2.19852151e-03
 -7.31162028e-04 -2.65402184e-03 -7.85377983e-04 -2.01650616e-03
  1.64038196e-04 -6.67410728e-04  2.69377138e-03 -2.96631549e-03
 -1.22433202e-03  3.02304421e-03 -1.63883856e-03  1.95923494e-03
  5.72478632e-04 -1.21106254e-03  3.09988245e-04 -1.14390021e-03
 -3.21172905e-04  9.03101347e-04  3.11508728e-03  3.81489052e-03
 -3.23428831e-04  3.62833426e-03  1.18304146e-04 -2.02972136e-04
 -2.60925293e-03  2.62279180e-03  1.39721029e-03  3.06077977e-03
  1.57970237e-03 -1.06672698e-03  2.23084819e-03 -1.14447169e-03
  9.26074863e-04  1.40776800e-03 -4.80348564e-04  2.23555532e-03
 -1.23352138e-03 -2.03499384e-03 -1.17077543e-04  9.16180492e-04
 -1.43794424e-03 -7.03649246e-04  4.22231911e-04  1.02726684e-03
 -2.21086224e-03  1.36364938e-03  4.46142443e-03 -1.87850697e-03
 -5.59516135e-04 -1.95296452e-04  5.38916967e-04  4.71332518e-04
  2.63142120e-03 -1.01536140e-03  5.52554382e-04  2.62349634e-03]",2,maths,4
35,NANOTECHNOLOGY-NONVITIAN,online Faculty Development Programme (FDP) titled Exploring the modern Circuits,"['online', 'faculty', 'development', 'programme', 'fdp', 'titled', 'exploring', 'modern', 'circuits']","online, faculty, development, programme, fdp, titled, exploring, modern, circuits","[ 4.5192015e-04  2.9060312e-03  2.6133431e-03 -1.9052024e-04
 -8.2256616e-04  4.6705702e-04  2.3409510e-03  3.0238270e-03
  3.1073796e-04 -6.5971230e-04 -3.2091048e-03 -2.2665383e-03
 -3.5807551e-04 -7.4264774e-04 -3.0056236e-03 -4.4051213e-03
 -8.2421821e-04 -2.0090294e-04 -1.2559438e-04 -3.5763229e-03
 -6.1100553e-05 -6.0716068e-04 -3.8223825e-03 -1.8660921e-04
 -3.4226950e-03 -1.1391497e-03 -2.5688920e-03 -1.1094657e-03
 -4.6677620e-04  1.1991963e-03 -1.1857843e-03 -1.9245814e-03
 -1.3463662e-03 -3.0611493e-03 -1.9953644e-03  2.8411965e-03
  1.5705066e-03 -6.9699110e-04 -8.1759738e-04 -2.6698324e-03
 -2.4261129e-04 -1.8501344e-04  7.3754357e-04  3.0676147e-03
 -1.9327522e-03 -3.9644176e-03  5.5782258e-04 -1.5300112e-03
  1.3156036e-03 -5.4380891e-04  5.8377482e-04 -3.4758572e-03
  1.6395847e-03  3.0285630e-03 -3.2580839e-03  1.0112283e-03
  5.9681368e-04 -1.4784160e-03 -2.1089639e-03  1.5961868e-03
  6.8142510e-04 -1.3393280e-03  3.0730923e-03 -2.2528009e-03
 -7.3767349e-04  6.6259503e-04  9.4324577e-04  2.5741903e-03
 -3.4490486e-03 -1.7902723e-03 -9.4747852e-04  2.9513808e-03
  1.6907617e-03 -1.7983107e-03  2.2893995e-03  3.4846393e-03
 -1.2119582e-03  2.3461885e-03 -1.3656322e-03 -1.6896485e-03
 -1.8273147e-03  1.5941354e-03 -1.9293918e-03 -5.6291412e-04
 -1.6610138e-03 -1.8636183e-03  1.5474571e-03  1.3532832e-04
  2.5274388e-03  2.0750454e-03  1.2801248e-03  2.5290337e-03
 -2.9250633e-03 -1.2284378e-03  9.3057193e-04 -5.8286771e-04
 -1.6817746e-03  2.9778164e-03  1.6931162e-03  2.6679127e-03]",2,faculty,2
36,BLOCKCHAIN ECOSYSTEM-SCHOLARS,Navigate the Blockchain Ecosystem,"['navigate', 'blockchain', 'ecosystem']","navigate, blockchain, ecosystem","[-2.8429492e-04  4.2380621e-03 -4.1534305e-03 -4.0721390e-03
  6.4138360e-03  1.8757315e-03 -3.9547752e-03  2.1980952e-03
 -2.5575038e-03  6.8160561e-03 -4.7252574e-03 -3.7570452e-04
  6.0454942e-03 -7.7420240e-04  3.6315443e-03 -4.0322193e-03
  1.3473992e-03 -6.1073923e-03  5.5678883e-03  3.1603982e-03
  1.0833596e-03  9.1475225e-04  4.0831938e-03 -1.4644093e-03
  1.3889746e-03 -7.5765848e-03 -2.7625654e-03 -1.5535383e-03
 -5.4015997e-03 -3.3193838e-03  3.5744968e-03  3.3240471e-04
  1.1072238e-03 -9.4516721e-04 -2.8026834e-05  3.7362408e-03
 -2.7352574e-03 -1.8876041e-03 -3.3149689e-03 -1.4733184e-03
 -5.0221807e-03  4.2683245e-03  1.7094302e-04  1.9964573e-03
 -4.5851292e-03  5.7487921e-03  2.0372177e-05 -7.8892475e-04
 -3.3783854e-03 -4.9698818e-04  2.2481380e-03 -3.5190575e-03
 -2.4611212e-03  7.8304358e-05  5.3370832e-03 -3.2536741e-03
  1.6758605e-03  6.4629354e-03 -6.0673878e-03 -2.9365185e-03
  7.4248988e-04 -1.3250451e-03 -2.9348384e-03  2.8457511e-03
  4.7217291e-03  3.7057351e-03 -7.3630660e-04 -5.4547521e-03
 -1.2786635e-03 -1.4823116e-04 -4.1410676e-04  2.0703496e-03
  2.7294045e-03 -2.0116661e-03  1.4724120e-03 -5.9382855e-03
  3.7658252e-03 -5.6407563e-03  1.4288358e-04  1.8272406e-03
 -5.4292069e-03 -1.6775833e-03 -6.6464790e-03 -3.5075552e-03
 -1.9690504e-03 -1.1839747e-03  3.6756105e-03  4.4035823e-03
  2.9076005e-03  1.8432263e-03  2.0668614e-03  1.7822696e-03
 -5.2888128e-03  3.1793620e-03 -3.9165342e-04  7.8907172e-04
 -8.5215470e-05  5.1147961e-03  2.1675008e-03 -6.9506331e-03]",7,block chain,2
37,NEXT-GENERATION COMMUNICATIONS-SENSING,ONLINE 5 Day Faculty Development Programme (FDP) titled Advanced Technologies and Applications in Next-Generation Communications and Sensing from 14th to 18th March ,"['online', 'day', 'faculty', 'development', 'programme', 'fdp', 'titled', 'advanced', 'technologies', 'applications', 'generation', 'communications', 'sensing', 'march']","online, day, faculty, development, programme, fdp, titled, advanced, technologies, applications, generation, communications, sensing, march","[ 9.36238503e-04  1.56834698e-03  4.14670416e-04  7.37023423e-04
  8.80611013e-04 -3.10939940e-04  7.90785998e-04  3.39390221e-03
 -2.64373200e-04 -4.61388903e-04 -6.50004135e-04 -6.08784088e-04
 -3.27356695e-03  2.19255776e-06 -1.28632016e-03 -1.13301992e-03
  1.00760872e-03 -3.60901031e-04  5.41541202e-04 -3.28934891e-03
 -1.74194179e-03  2.73173675e-03 -3.10892618e-04  1.07692636e-03
 -1.29662233e-03 -7.52947410e-04 -1.81774015e-03 -1.06132205e-03
 -3.19767743e-04  1.53133832e-03  1.00090168e-03 -2.19408469e-03
  5.81217348e-04 -1.09343894e-03 -3.31771071e-03  3.54922423e-03
  1.83107355e-03 -2.41073570e-03 -4.62557917e-04 -3.78942164e-03
  1.24420982e-03 -3.33488133e-04 -9.65449959e-04  4.06458741e-04
  3.56255710e-04  1.16228056e-03 -2.20587710e-03 -1.81984028e-03
  1.12795981e-03 -5.42890106e-04 -3.40845174e-04 -2.18666391e-03
 -1.02937245e-03  1.72451674e-03 -1.49332883e-03 -1.70096627e-03
  1.18782558e-03 -1.51943963e-03  1.13914988e-03 -6.30371564e-04
  8.20565969e-04  3.72461975e-04  2.03526369e-03 -1.89808104e-03
 -4.47337545e-04  2.27178121e-03 -4.51555301e-04 -2.32990296e-05
 -3.59156705e-03 -1.97970867e-03 -1.42582471e-03  3.37598706e-03
  1.39639320e-04 -1.14385235e-04  9.18852922e-04 -2.45557079e-04
 -1.61659170e-03  5.29084355e-04 -1.90334383e-03 -2.08204961e-03
  5.35610539e-04  2.84458569e-04 -1.36570062e-03  9.30766168e-04
  3.77443561e-04 -3.94954113e-04 -4.28527215e-04 -1.30080630e-03
  1.09614304e-03  1.84435886e-03  1.78865611e-03  1.41256920e-03
 -1.35615107e-03 -6.68747874e-04  2.87315086e-03 -1.19422168e-06
 -5.85048518e-04  1.48980500e-04  1.01940997e-03  2.59415334e-04]",2,faculty,5
38,STATISTICS-FACULTY,['5-day online FDP on recent trends on statistics and its applications in data science (27.03.24) at 10.00 am.\n '],"['day', 'online', 'fdp', 'recent', 'trends', 'statistics', 'applications', 'data', 'science']","day, online, fdp, recent, trends, statistics, applications, data, science","[ 2.75018218e-04 -2.62241648e-03  3.17428866e-03 -1.11947244e-03
 -2.07486330e-03 -9.88146523e-04  3.26565001e-04  4.13815631e-03
 -1.20149273e-03 -3.60356690e-03 -2.33472115e-03 -2.21429276e-03
 -9.24113730e-04  2.73186434e-03 -1.09256268e-03  2.95488426e-04
  7.91416736e-04  1.05082127e-03  1.99635979e-03 -2.11723452e-03
  3.31572082e-04 -7.01197932e-05  1.77349721e-04  2.44215084e-03
 -7.06956722e-04  3.43221379e-03 -2.24166014e-03 -5.02698123e-04
  2.81505007e-03  1.87775688e-04  3.98652675e-03  5.60704619e-04
 -1.61867205e-03 -3.08998278e-03  2.18117813e-04 -1.39984011e-03
  2.57044402e-03 -3.20180040e-03 -1.34083687e-03 -1.65037112e-03
  2.26495508e-03 -2.15245364e-03  1.03681302e-03 -2.19852151e-03
 -7.31162028e-04 -2.65402184e-03 -7.85377983e-04 -2.01650616e-03
  1.64038196e-04 -6.67410728e-04  2.69377138e-03 -2.96631549e-03
 -1.22433202e-03  3.02304421e-03 -1.63883856e-03  1.95923494e-03
  5.72478632e-04 -1.21106254e-03  3.09988245e-04 -1.14390021e-03
 -3.21172905e-04  9.03101347e-04  3.11508728e-03  3.81489052e-03
 -3.23428831e-04  3.62833426e-03  1.18304146e-04 -2.02972136e-04
 -2.60925293e-03  2.62279180e-03  1.39721029e-03  3.06077977e-03
  1.57970237e-03 -1.06672698e-03  2.23084819e-03 -1.14447169e-03
  9.26074863e-04  1.40776800e-03 -4.80348564e-04  2.23555532e-03
 -1.23352138e-03 -2.03499384e-03 -1.17077543e-04  9.16180492e-04
 -1.43794424e-03 -7.03649246e-04  4.22231911e-04  1.02726684e-03
 -2.21086224e-03  1.36364938e-03  4.46142443e-03 -1.87850697e-03
 -5.59516135e-04 -1.95296452e-04  5.38916967e-04  4.71332518e-04
  2.63142120e-03 -1.01536140e-03  5.52554382e-04  2.62349634e-03]",2,maths,4
39,FLUID MECHANICS-IN PARTICIPANT,Online Faculty Development Programme on Advanced Research in Fluid Mechanics from April 1 to 5,"['online', 'faculty', 'development', 'programme', 'advanced', 'research', 'fluid', 'mechanics', 'april']","online, faculty, development, programme, advanced, research, fluid, mechanics, april","[-1.1018268e-03  2.5406564e-03 -1.1936986e-03 -4.0929392e-04
  1.7152567e-04 -2.2490555e-03  2.1753861e-03  6.6649774e-04
  1.6333708e-03 -1.8710635e-03  2.0758936e-03 -1.6014597e-03
 -8.1426464e-05 -8.5024768e-04 -2.0913621e-03 -2.1702389e-03
  7.9925364e-04 -1.5592948e-03 -1.1170772e-03 -1.0637362e-03
 -5.1237773e-03  9.6559461e-04 -1.8403064e-03 -2.9251671e-03
 -1.7688546e-03 -3.1797239e-03 -7.7205710e-04 -7.4150943e-04
  4.1528669e-04 -2.5560872e-03  1.3226953e-04 -2.9886903e-03
 -7.0995383e-04 -4.6845039e-04 -2.8139828e-03  2.1339962e-03
 -3.4033883e-04 -1.5340867e-03 -3.8778954e-04 -3.3778863e-03
  8.8414241e-04 -3.0607171e-04 -2.5358191e-03 -5.7666161e-04
 -4.1136338e-04 -1.1755889e-03 -1.1063408e-03 -9.0512331e-04
 -1.5961738e-04  1.5378004e-03 -8.7532774e-04 -2.9064650e-03
  1.5052567e-03  2.6400900e-03 -2.2340852e-03  2.4843947e-03
  5.7662660e-03 -2.1847095e-03  1.6391687e-03  1.3794313e-03
  1.8440267e-03 -2.8289957e-03  3.2811279e-03 -2.1102638e-03
 -1.8430762e-03  1.3224354e-03 -4.0174532e-03  1.6164879e-03
 -2.2433505e-03 -7.0461875e-04  8.2209171e-04  2.5590193e-03
  3.9672721e-03  1.6309865e-03  1.4434496e-03 -5.1901158e-04
 -1.9462643e-03 -8.0670835e-04 -2.7456360e-03 -3.6166529e-03
 -1.1916064e-03  1.6047263e-03 -7.8850362e-04  6.2323204e-04
  2.0762056e-03 -1.5503408e-03 -2.2421954e-03 -1.3202908e-03
  1.3882822e-03  9.8490703e-04  1.8139171e-03  2.4780270e-03
 -3.4417659e-03  6.8688387e-04  1.4627285e-03  9.5842843e-04
 -2.9095754e-03  8.5442713e-05 -7.2553032e-04 -1.2878672e-03]",2,faculty,2
40,BLOCKCHAIN ECOSYSTEM-FACULTY,Navigate the Blockchain Ecosystem,"['navigate', 'blockchain', 'ecosystem']","navigate, blockchain, ecosystem","[-2.8429492e-04  4.2380621e-03 -4.1534305e-03 -4.0721390e-03
  6.4138360e-03  1.8757315e-03 -3.9547752e-03  2.1980952e-03
 -2.5575038e-03  6.8160561e-03 -4.7252574e-03 -3.7570452e-04
  6.0454942e-03 -7.7420240e-04  3.6315443e-03 -4.0322193e-03
  1.3473992e-03 -6.1073923e-03  5.5678883e-03  3.1603982e-03
  1.0833596e-03  9.1475225e-04  4.0831938e-03 -1.4644093e-03
  1.3889746e-03 -7.5765848e-03 -2.7625654e-03 -1.5535383e-03
 -5.4015997e-03 -3.3193838e-03  3.5744968e-03  3.3240471e-04
  1.1072238e-03 -9.4516721e-04 -2.8026834e-05  3.7362408e-03
 -2.7352574e-03 -1.8876041e-03 -3.3149689e-03 -1.4733184e-03
 -5.0221807e-03  4.2683245e-03  1.7094302e-04  1.9964573e-03
 -4.5851292e-03  5.7487921e-03  2.0372177e-05 -7.8892475e-04
 -3.3783854e-03 -4.9698818e-04  2.2481380e-03 -3.5190575e-03
 -2.4611212e-03  7.8304358e-05  5.3370832e-03 -3.2536741e-03
  1.6758605e-03  6.4629354e-03 -6.0673878e-03 -2.9365185e-03
  7.4248988e-04 -1.3250451e-03 -2.9348384e-03  2.8457511e-03
  4.7217291e-03  3.7057351e-03 -7.3630660e-04 -5.4547521e-03
 -1.2786635e-03 -1.4823116e-04 -4.1410676e-04  2.0703496e-03
  2.7294045e-03 -2.0116661e-03  1.4724120e-03 -5.9382855e-03
  3.7658252e-03 -5.6407563e-03  1.4288358e-04  1.8272406e-03
 -5.4292069e-03 -1.6775833e-03 -6.6464790e-03 -3.5075552e-03
 -1.9690504e-03 -1.1839747e-03  3.6756105e-03  4.4035823e-03
  2.9076005e-03  1.8432263e-03  2.0668614e-03  1.7822696e-03
 -5.2888128e-03  3.1793620e-03 -3.9165342e-04  7.8907172e-04
 -8.5215470e-05  5.1147961e-03  2.1675008e-03 -6.9506331e-03]",7,block chain,2
41,FLUID MECHANICS-INTL. PARTICIPANT,Online Faculty Development Programme on Advanced Research in Fluid Mechanics from April 1 to 5,"['online', 'faculty', 'development', 'programme', 'advanced', 'research', 'fluid', 'mechanics', 'april']","online, faculty, development, programme, advanced, research, fluid, mechanics, april","[-1.1018268e-03  2.5406564e-03 -1.1936986e-03 -4.0929392e-04
  1.7152567e-04 -2.2490555e-03  2.1753861e-03  6.6649774e-04
  1.6333708e-03 -1.8710635e-03  2.0758936e-03 -1.6014597e-03
 -8.1426464e-05 -8.5024768e-04 -2.0913621e-03 -2.1702389e-03
  7.9925364e-04 -1.5592948e-03 -1.1170772e-03 -1.0637362e-03
 -5.1237773e-03  9.6559461e-04 -1.8403064e-03 -2.9251671e-03
 -1.7688546e-03 -3.1797239e-03 -7.7205710e-04 -7.4150943e-04
  4.1528669e-04 -2.5560872e-03  1.3226953e-04 -2.9886903e-03
 -7.0995383e-04 -4.6845039e-04 -2.8139828e-03  2.1339962e-03
 -3.4033883e-04 -1.5340867e-03 -3.8778954e-04 -3.3778863e-03
  8.8414241e-04 -3.0607171e-04 -2.5358191e-03 -5.7666161e-04
 -4.1136338e-04 -1.1755889e-03 -1.1063408e-03 -9.0512331e-04
 -1.5961738e-04  1.5378004e-03 -8.7532774e-04 -2.9064650e-03
  1.5052567e-03  2.6400900e-03 -2.2340852e-03  2.4843947e-03
  5.7662660e-03 -2.1847095e-03  1.6391687e-03  1.3794313e-03
  1.8440267e-03 -2.8289957e-03  3.2811279e-03 -2.1102638e-03
 -1.8430762e-03  1.3224354e-03 -4.0174532e-03  1.6164879e-03
 -2.2433505e-03 -7.0461875e-04  8.2209171e-04  2.5590193e-03
  3.9672721e-03  1.6309865e-03  1.4434496e-03 -5.1901158e-04
 -1.9462643e-03 -8.0670835e-04 -2.7456360e-03 -3.6166529e-03
 -1.1916064e-03  1.6047263e-03 -7.8850362e-04  6.2323204e-04
  2.0762056e-03 -1.5503408e-03 -2.2421954e-03 -1.3202908e-03
  1.3882822e-03  9.8490703e-04  1.8139171e-03  2.4780270e-03
 -3.4417659e-03  6.8688387e-04  1.4627285e-03  9.5842843e-04
 -2.9095754e-03  8.5442713e-05 -7.2553032e-04 -1.2878672e-03]",2,faculty,2
42,STATISTICS-FOREIGN,['5-day online FDP on recent trends on statistics and its applications in data science (27.03.24) at 10.00 am.\n '],"['day', 'online', 'fdp', 'recent', 'trends', 'statistics', 'applications', 'data', 'science']","day, online, fdp, recent, trends, statistics, applications, data, science","[ 2.75018218e-04 -2.62241648e-03  3.17428866e-03 -1.11947244e-03
 -2.07486330e-03 -9.88146523e-04  3.26565001e-04  4.13815631e-03
 -1.20149273e-03 -3.60356690e-03 -2.33472115e-03 -2.21429276e-03
 -9.24113730e-04  2.73186434e-03 -1.09256268e-03  2.95488426e-04
  7.91416736e-04  1.05082127e-03  1.99635979e-03 -2.11723452e-03
  3.31572082e-04 -7.01197932e-05  1.77349721e-04  2.44215084e-03
 -7.06956722e-04  3.43221379e-03 -2.24166014e-03 -5.02698123e-04
  2.81505007e-03  1.87775688e-04  3.98652675e-03  5.60704619e-04
 -1.61867205e-03 -3.08998278e-03  2.18117813e-04 -1.39984011e-03
  2.57044402e-03 -3.20180040e-03 -1.34083687e-03 -1.65037112e-03
  2.26495508e-03 -2.15245364e-03  1.03681302e-03 -2.19852151e-03
 -7.31162028e-04 -2.65402184e-03 -7.85377983e-04 -2.01650616e-03
  1.64038196e-04 -6.67410728e-04  2.69377138e-03 -2.96631549e-03
 -1.22433202e-03  3.02304421e-03 -1.63883856e-03  1.95923494e-03
  5.72478632e-04 -1.21106254e-03  3.09988245e-04 -1.14390021e-03
 -3.21172905e-04  9.03101347e-04  3.11508728e-03  3.81489052e-03
 -3.23428831e-04  3.62833426e-03  1.18304146e-04 -2.02972136e-04
 -2.60925293e-03  2.62279180e-03  1.39721029e-03  3.06077977e-03
  1.57970237e-03 -1.06672698e-03  2.23084819e-03 -1.14447169e-03
  9.26074863e-04  1.40776800e-03 -4.80348564e-04  2.23555532e-03
 -1.23352138e-03 -2.03499384e-03 -1.17077543e-04  9.16180492e-04
 -1.43794424e-03 -7.03649246e-04  4.22231911e-04  1.02726684e-03
 -2.21086224e-03  1.36364938e-03  4.46142443e-03 -1.87850697e-03
 -5.59516135e-04 -1.95296452e-04  5.38916967e-04  4.71332518e-04
  2.63142120e-03 -1.01536140e-03  5.52554382e-04  2.62349634e-03]",2,maths,4
